"Column";"de";"en";"fr";"pt";"ru";"es";"it";"da";"sv";"nl";"pl";"fi";"pt-BR";"tr";"bg";"cs";"el";"hu";"no";"ro";"es-419";"uk";"ar";"zh-CN";"zh-TW";"ja";"ko";"th";"vn"
"steam_about_this_game";"[img]{STEAM_APP_IMAGE}/extras/SteamPage.gif[/img]

Rise of Legions ist ein kurzweiliges und einsteigerfreundliches Tug-Of-War-Strategiespiel in einer lebhaften Fantasy-Welt. Stell es dir als Hybrid aus MOBA, Tower-Defense und Deckbuilding vor. Sammle zahlreiche, mÃ¤chtige Einheiten und verheerende Zauber, Suche die Herausforderung gegen andere Spieler in spannenden Gefechten oder bezwinge die unaufhaltsamen Golems im PvE-Modus. Du kannst auch gern einen Freund mitbringen und die kooperativen Modi ausprobieren.

[h2]Key Features:[/h2]
[list]
[*]Komplett Free-To-Play
[*]Kurze, intensive 1v1, 2v2 und Co-Op Gefechte
[*]Deckbuilding
[*]PvE-Herausforderungen
[*]Dutzende, kombinierbare Karten aus 5 spielbaren Legionen
[*]Zweifarbige Decks
[/list]

[img]{STEAM_APP_IMAGE}/extras/blue.png[/img]
[i]""Konstruiere mÃ¤chtige Maschinen und brich durch jegliche Verteidigung. Erzeuge Energie und materialisiere deine Truppen hinter den feindlichen Linien!""[/i]

[img]{STEAM_APP_IMAGE}/extras/SteamPageCardsBlue.png[/img]
Die Kernmechaniken der blauen Legion basieren auf einer Vielfalt von [b]Energieeffekten und GebÃ¤uden[/b] welche in sehr wirkungsvollen Kombinationen gespielt werden kÃ¶nnen. Verteidige dich mit einer starken Verteidigungslinie und teleportiere diese direkt zum Feind um sie zu deiner Angriffslinie zu machen. Jeder Zauber den du sprichst versorgt deine Truppen mit Energie, womit sie machtvolle FÃ¤higkeiten entfesseln kÃ¶nnen.


[img]{STEAM_APP_IMAGE}/extras/white.png[/img]
[i]""Heerscharen von BogenschÃ¼tzen, ehrwÃ¼rdige Ritter und himmlische StreitkrÃ¤fte stehen unter deinem Befehl. GefÃ¼hrt vom Licht haltet ihr allem gemeinsam stand!""[/i]

[img]{STEAM_APP_IMAGE}/extras/SteamPageCardsWhite.png[/img]

Die Kernmechaniken der weiÃŸen Legion basieren auf einer Vielfalt von [b]Heilungs- und Schutzzaubern[/b], welche auf viele Einheiten gleichzeitig gewirkt werden kÃ¶nnen. ÃœberwÃ¤ltige deinen Kontrahenten mit [b]zahllosen Reihen aus kleinen Einheiten[/b] und verleihe ihnen Inspiration und Schutz durch starke AnfÃ¼hrer.


[img]{STEAM_APP_IMAGE}/extras/Green.png[/img]
[i]""FÃ¼hre eine Armee aus lebhaften Pflanzen und uralten BÃ¤umen in die Schlacht. Verstricke deine Feinde im Geflecht des Waldes und Ã¼berschwemme sie mit einer Flut von Saatlingen. Die Natur holt sich alles zurÃ¼ck!"" [/i]

[img]{STEAM_APP_IMAGE}/extras/SteamPageCardsGreen.png[/img] 
Die Kernmechaniken der grÃ¼nen Legion bestehen aus [b]RegenerationsfÃ¤higkeiten[/b], [b]EinschrÃ¤nkung der feindlichen BewegungsfÃ¤higkeit[/b] und [b]Horden von Saatlingen[/b], welche zu mÃ¤chtigen Kreaturen heranwachsen kÃ¶nnen.


[img]{STEAM_APP_IMAGE}/extras/Black.png[/img]
[i]""Sperre deine Feinde im ewigen Eis ein und entreiÃŸe ihnen die Seele. Deine Kreaturen der Leere verzehren jegliche Hoffnung, um ihre finsteren FÃ¤higkeiten zu entfesseln. Die Dunkelheit ist allgegenwÃ¤rtig!""[/i]

[img]{STEAM_APP_IMAGE}/extras/SteamPageCardsBlack.png[/img]
Die Kernmechaniken der schwarzen Legion legen den Fokus auf [b]Einfrieren der feindlichen Truppen[/b] und [b]Entziehen derer Seelen[/b], um damit weitere, vernichtende FÃ¤higkeiten auszulÃ¶sen.


[img]{STEAM_APP_IMAGE}/extras/colorless.png[/img]
[i]""Erwecke uralte Legenden lang vergessener Artefakte und nutze ihre sagenhafte Macht um deine Feinde zu zerschmettern!""[/i]

[img]{STEAM_APP_IMAGE}/extras/SteamPageCardsColorless.png[/img]
Die Kernmechaniken der Kristall-Legion legen den Fokus auf eine vielfÃ¤ltige Bandbreite an [b]unterstÃ¼tzenden und stabilisierenden FÃ¤higkeiten[/b], wÃ¤hrend du die Kontrolle des Schlachtfeldes mit [b]mÃ¤chtigen Golems und uralten Zaubern[/b] an dich reiÃŸt.


[h2]Ist das Spiel Pay-to-win?[/h2]
NatÃ¼rlich nicht, niemand mag Pay-to-win. Du kannst jede Karte im Spiel mit den gewonnen Ressourcen freischalten und ein Stufensystem erhÃ¤lt die Balance. Unser GeschÃ¤ftsmodell ist Free-To-Play und Zahle-FÃ¼r-Schnelleren-Fortschritt. Die einzigen Dinge die du nur fÃ¼r Echtgeld kaufen kannst sind rein kosmetischer Natur (Skins) und helfen uns das Spiel am laufen zu halten.

[h2]Gibt es irgendwelche geheimen Bonuscodes mit exklusivem Loot?[/h2]
NatÃ¼rlich, du hast gerade einen von acht gefunden und kannst ihn im Ingame-Shop einlÃ¶sen: [b]XR0F-7ST3-4MC0-MMUN-1TYX[/b] ğŸŠ
[img]{STEAM_APP_IMAGE}/extras/SteamPageSecret.png[/img]";"[img]{STEAM_APP_IMAGE}/extras/SteamPage.gif[/img]

Enjoy fast-paced, easy-to-pickup tug-of-war strategy. A hybrid of MOBA, tower defense and deckbuilding. Play solo or bring a friend for co-op, collect cards, build your deck and crush your enemies!

[h2]Key Features:[/h2]
[list]
[*]Completely free-to-play
[*]Short, intense 1v1, 2v2 and Co-Op matches
[*]Deck-building
[*]PvE-challenges
[*]Five playable Legions
[*]Dual-color decks
[/list]

[img]{STEAM_APP_IMAGE}/extras/blue.png[/img]
[i]""Assemble mighty machines and breach through any defenses. Generate energy and materialize behind the enemy lines!""[/i]

[img]{STEAM_APP_IMAGE}/extras/SteamPageCardsBlue.png[/img]
The Blue Legion's main gameplay mechanics feature a variety of [b]energy effects and buildings[/b] that can be used for heavy combos. Defend yourself with a strong defensive line, then teleport it to the enemy so it becomes your attack line. Each spell you cast empowers your troops, enabling them to unleash mighty abilities.


[img]{STEAM_APP_IMAGE}/extras/Green.png[/img]
[i]""Lead an army of vivid plants and ancient trees into battle. Root your enemies and drown them in a flood of saplings. Evolve them to become stronger."" [/i]

[img]{STEAM_APP_IMAGE}/extras/SteamPageCardsGreen.png[/img] 
The Green Legion's main gameplay mechanics and combos feature a variety of [b]heal-over-time[/b] effects, [b]rooting[/b] your enemies in place and last but not least, [b]hordes of Saplings[/b] that can be evolved into powerful creatures.  


[img]{STEAM_APP_IMAGE}/extras/Black.png[/img]
[i]""Freeze your enemies and drain their life. Creatures from the void gather souls to unleash sinister abilities upon their foes.""[/i]

[img]{STEAM_APP_IMAGE}/extras/SteamPageCardsBlack.png[/img]
The Black Legion's main gameplay mechanics and combos feature a variety of [b]freezing spells and abilities[/b], as well as ripping out the souls of enemy units in order to[b] trigger powerful passive abilities[/b].


[img]{STEAM_APP_IMAGE}/extras/white.png[/img]
[i]""Command sacred archers and shiny knights accompanied by angelic forces. Raise your shields and stand strong!""[/i]

[img]{STEAM_APP_IMAGE}/extras/SteamPageCardsWhite.png[/img]
The White Legion's main gameplay mechanics and combos feature a variety of [b]healing and shielding spells[/b] that can be targeted at multiple units at once. Overwhelm your opponent with [b]masses of archers and knights[/b] and make them survive to the last minute in order to turn the tide of battle.


[img]{STEAM_APP_IMAGE}/extras/colorless.png[/img]
[i]""Awake the ancient legends of long forgotten artifacts and claim the fabled power to obliterate your enemies!""[/i]

[img]{STEAM_APP_IMAGE}/extras/SteamPageCardsColorless.png[/img]
The Crystal Legionâ€™s main gameplay mechanics and combos feature a variety of [b]supporting and stabilizing abilities[/b], while you take control of the battlefield with [b]mighty golems and ancient spells.[/b]


[h2]Is the game Pay-to-win?[/h2]
The game is explicitly not pay-to-win. You can unlock any cards in the game with in-game currencies. Our business model is free-to-play and pay-to-advance-faster, the ONLY things that can only be bought with real money are skins, to help support the game.

[h2]Are there any secrets with exclusive stuff?[/h2]
Sure, you just found one of eight secrets to redeem in the ingame shop: [b]XR0F-7ST3-4MC0-MMUN-1TYX[/b] ğŸŠ
[img]{STEAM_APP_IMAGE}/extras/SteamPageSecret.png[/img]";"[img]{STEAM_APP_IMAGE}/extras/SteamPage.gif[/img]

Profitez d'un jeu de guerre et de stratÃ©gie au rythme rapide, facile Ã  prendre en main. Un MOBA hybride entre tower defense et construction de Deck. Jouez en solo ou accompagnÃ© d'un ami, collectez des cartes, construisez votre Deck et Ã©crasez vos ennemis !

[h2]CaractÃ©ristiques principales:[/h2]
[list]
[*]EntiÃ¨rement gratuit
[*]Matchs courts et intenses en 1v1, 2v2 et Co-Op
[*]Construction de Deck
[*]Defis-PVE
[*]Cinq lÃ©gions jouables
[*]Decks bicolores
[/list]

[img]{STEAM_APP_IMAGE}/extras/blue.png[/img]
[i] ""Assemblez de puissantes machines et percez toutes les dÃ©fenses. GÃ©nÃ©rez de l'Ã©nergie et matÃ©rialisez-vous derriÃ¨re les lignes ennemies !"" [/i]

[img]{STEAM_APP_IMAGE}/extras/SteamPageCardsBlue.png[/img]
Les principaux mÃ©canismes de jeu de la LÃ©gion Bleue comportent une variÃ©tÃ© d'effets et de bÃ¢timents [/b] qui peuvent Ãªtre utilisÃ©s pour de lourds combos. DÃ©fendez-vous avec une ligne de dÃ©fense solide, puis tÃ©lÃ©portez-la vers l'ennemi pour qu'elle devienne votre ligne d'attaque. Chaque sort que vous lancez donne du pouvoir Ã  vos troupes, leur permettant de libÃ©rer de puissantes capacitÃ©s.


[img]{STEAM_APP_IMAGE}/extras/Green.png[/img]
[i] ""Mener une armÃ©e de plantes vivantes et d'arbres anciens dans la bataille. Enracinez vos ennemis et noyez-les dans un flot de jeunes arbres. Faites-les Ã©voluer pour qu'ils deviennent plus forts."" [/i]

[img]{STEAM_APP_IMAGE}/extras/SteamPageCardsGreen.png[/img] 
Les principaux mÃ©canismes de jeu et les combos de la LÃ©gion verte comprennent une variÃ©tÃ© d'effets de [b]guÃ©rison au fil du temps[/b], d'[b]enracinement[/b] de vos ennemis sur place et enfin,  des [b]hordes de Jeunes arbres[/b] qui peuvent Ãªtre transformÃ©es en crÃ©atures puissantes.  

[img]{STEAM_APP_IMAGE}/extras/Black.png[/img]
""Gelez vos ennemis et drainez leur vie. Les crÃ©atures du nÃ©ant rassemblent les Ã¢mes pour dÃ©chaÃ®ner de sinistres capacitÃ©s sur leurs ennemis."" [/i]

[img]{STEAM_APP_IMAGE}/extras/SteamPageCardsBlack.png[/img]
Les principaux mÃ©canismes de jeu et les combos de La LÃ©gion Noir comportent une variÃ©tÃ© de [b] sorts et de capacitÃ©s de gel [/b], ainsi que la rÃ©colte des Ã¢mes des unitÃ©s ennemies afin de [b] dÃ©clencher de puissantes capacitÃ©s passives [/b].


[img]{STEAM_APP_IMAGE}/extras/white.png[/img]
[i] ""Commandez des archers sacrÃ©s et des chevaliers brillants accompagnÃ©s de forces angÃ©liques. Levez vos boucliers et restez forts !"" [/i]

[img]{STEAM_APP_IMAGE}/extras/SteamPageCardsWhite.png[/img]
Les principaux mÃ©canismes de jeu et les combos de la LÃ©gion Blanche comportent une variÃ©tÃ© de sorts de [b]soin et de bouclier[/b] qui peuvent Ãªtre dirigÃ©s contre plusieurs unitÃ©s Ã  la fois. Submergez votre adversaire de [b]hordes d'archers et de chevaliers[/b] et faites-les survivre jusqu'Ã  la derniÃ¨re minute afin de renverser le cours de la bataille.


[img]{STEAM_APP_IMAGE}/extras/colorless.png[/img]
""RÃ©veillez les anciennes lÃ©gendes d'artefacts oubliÃ©s depuis longtemps et revendiquez le pouvoir lÃ©gendaire d'anÃ©antir vos ennemis !

[img]{STEAM_APP_IMAGE}/extras/SteamPageCardsColorless.png[/img]
Les principaux mÃ©canismes de jeu et les combos de la LÃ©gion de Cristal prÃ©sentent une variÃ©tÃ© de [b]capacitÃ©s de soutien et de stabilisation[/b], tandis que vous prenez le contrÃ´le du champ de bataille avec [b]de puissants golems et d'anciens sorts[/b].


[h2]Le jeu est-il ""pay-to-win"" ? [/h2]
Le jeu n'est explicitement pas du type ""pay-to-win"". Vous pouvez dÃ©bloquer n'importe quelle carte du jeu avec les monnaies du jeu. Notre modÃ¨le commercial est gratuit et le paiement Ã  l'avance est plus rapide. Les SEULES choses qui ne peuvent Ãªtre achetÃ©es qu'avec de l'argent rÃ©el sont les skins, pour aider Ã  soutenir le jeu.

[h2]Y a-t-il des secrets exclusifs ? [/h2]
Bien sÃ»r, vous venez de trouver l'un des huit secrets Ã  Ã©changer dans la boutique en jeu : [b]XR0F-7ST3-4MC0-MMUN-1TYX[/b] ğŸŠ
[img]{STEAM_APP_IMAGE}/extras/SteamPageSecret.png[/img]";"";"[img]{STEAM_APP_IMAGE}/extras/SteamPage.gif[/img]

ĞĞ°ÑĞ»Ğ°Ğ¶Ğ´Ğ°Ğ¹Ñ‚ĞµÑÑŒ Ğ±Ñ‹ÑÑ‚Ñ€Ğ¾Ğ¹ Ğ¸ Ğ¿Ñ€Ğ¾ÑÑ‚Ğ¾Ğ¹ Ğ² Ğ¾ÑĞ²Ğ¾ĞµĞ½Ğ¸Ğ¸ ÑÑ‚Ñ€Ğ°Ñ‚ĞµĞ³Ğ¸ĞµĞ¹ Ğ¿ĞµÑ€ĞµÑ‚ÑĞ³Ğ¸Ğ²Ğ°Ğ½Ğ¸Ñ ĞºĞ°Ğ½Ğ°Ñ‚Ğ°. Ğ“Ğ¸Ğ±Ñ€Ğ¸Ğ´ MOBA, Tower Defense Ğ¸ Deck-Building. Ğ˜Ğ³Ñ€Ğ°Ğ¹ Ğ¾Ğ´Ğ¸Ğ½ Ğ¸Ğ»Ğ¸ Ğ²Ğ¼ĞµÑÑ‚Ğµ Ñ Ğ´Ñ€ÑƒĞ·ÑŒÑĞ¼Ğ¸ Ğ² ĞºĞ¾Ğ¾Ğ¿ĞµÑ€Ğ°Ñ‚Ğ¸Ğ²Ğµ, ÑĞ¾Ğ±Ğ¸Ñ€Ğ°Ğ¹ ĞºĞ°Ñ€Ñ‚Ñ‹, ÑĞ¾Ğ·Ğ´Ğ°Ğ¹ ĞºĞ¾Ğ»Ğ¾Ğ´Ñƒ ÑĞ²Ğ¾ĞµĞ¹ Ğ¼ĞµÑ‡Ñ‚Ñ‹ Ğ¸ Ñ€Ğ°Ğ·Ğ´Ğ°Ğ²Ğ¸ ÑĞ²Ğ¾Ğ¸Ñ… Ğ²Ñ€Ğ°Ğ³Ğ¾Ğ²!

[h2]ĞšĞ»ÑÑ‡ĞµĞ²Ñ‹Ğµ Ğ¾ÑĞ¾Ğ±ĞµĞ½Ğ½Ğ¾ÑÑ‚Ğ¸:[/h2]
[list]
[*]Ğ˜Ğ³Ñ€Ğ° ÑĞ¾Ğ²ĞµÑ€ÑˆĞµĞ½Ğ½Ğ¾ Ğ±ĞµÑĞ¿Ğ»Ğ°Ñ‚Ğ½Ğ°
[*]ĞšĞ¾Ñ€Ğ¾Ñ‚ĞºĞ¸Ğµ Ğ¸ Ğ½Ğ°Ğ¿Ñ€ÑĞ¶Ñ‘Ğ½Ğ½Ñ‹Ğµ 1 Ğ½Ğ° 1, 2 Ğ½Ğ° 2 Ğ¸Ğ»Ğ¸ ĞšĞ¾Ğ¾Ğ¿ĞµÑ€Ğ°Ñ‚Ğ¸Ğ²Ğ½Ñ‹Ğµ Ğ¼Ğ°Ñ‚Ñ‡Ğ¸
[*]Ğ¡Ğ¾Ğ·Ğ´Ğ°Ğ¹ ÑĞ²Ğ¾Ñ ĞºĞ¾Ğ»Ğ¾Ğ´Ñƒ
[*]PvE Ğ¸ÑĞ¿Ñ‹Ñ‚Ğ°Ğ½Ğ¸Ñ
[*]ĞŸÑÑ‚ÑŒ Ğ´Ğ¾ÑÑ‚ÑƒĞ¿Ğ½Ñ‹Ñ… Ğ´Ğ»Ñ Ğ¸Ğ³Ñ€Ñ‹ Ğ»ĞµĞ³Ğ¸Ğ¾Ğ½Ğ¾Ğ²
[*]ĞšĞ¾Ğ»Ğ¾Ğ´Ñ‹ Ğ¸Ğ· Ğ´Ğ²ÑƒÑ… Ğ»ĞµĞ³Ğ¸Ğ¾Ğ½Ğ¾Ğ² Ğ¾Ğ´Ğ½Ğ¾Ğ²Ñ€ĞµĞ¼ĞµĞ½Ğ½Ğ¾
[/list]

[img]{STEAM_APP_IMAGE}/extras/blue.png[/img]
[i]""Ğ¡Ğ¾Ğ±ĞµÑ€Ğ¸Ñ‚Ğµ Ğ¼Ğ¾Ğ³ÑƒÑ‡Ğ¸Ğµ Ğ¼Ğ°ÑˆĞ¸Ğ½Ñ‹ Ğ¸ Ğ¿Ñ€Ğ¾Ñ€Ğ²Ğ¸Ñ‚ĞµÑÑŒ ÑĞºĞ²Ğ¾Ğ·ÑŒ Ğ»ÑĞ±ÑƒÑ Ğ¾Ğ±Ğ¾Ñ€Ğ¾Ğ½Ñƒ. Ğ“ĞµĞ½ĞµÑ€Ğ¸Ñ€ÑƒĞ¹Ñ‚Ğµ ÑĞ½ĞµÑ€Ğ³Ğ¸Ñ Ğ¸ Ğ¼Ğ°Ñ‚ĞµÑ€Ğ¸Ğ°Ğ»Ğ¸Ğ·ÑƒĞ¹Ñ‚ĞµÑÑŒ Ğ² Ñ‚Ñ‹Ğ»Ñƒ Ğ²Ñ€Ğ°Ğ³Ğ°!""[/i]

[img]{STEAM_APP_IMAGE}/extras/SteamPageCardsBlue.png[/img]
ĞÑĞ½Ğ¾Ğ²Ğ½Ğ°Ñ Ğ¸Ğ³Ñ€Ğ¾Ğ²Ğ°Ñ Ğ¼ĞµÑ…Ğ°Ğ½Ğ¸ĞºĞ° Ğ¡Ğ¸Ğ½ĞµĞ³Ğ¾ Ğ›ĞµĞ³Ğ¸Ğ¾Ğ½Ğ° Ğ²ĞºĞ»ÑÑ‡Ğ°ĞµÑ‚ Ğ² ÑĞµĞ±Ñ Ñ€Ğ°Ğ·Ğ»Ğ¸Ñ‡Ğ½Ñ‹Ğµ [b]ÑĞ½ĞµÑ€Ğ³ĞµÑ‚Ğ¸Ñ‡ĞµÑĞºĞ¸Ğµ ÑÑ„Ñ„ĞµĞºÑ‚Ñ‹ Ğ¸ Ğ·Ğ´Ğ°Ğ½Ğ¸Ñ[/b] 
ĞºĞ¾Ñ‚Ğ¾Ñ€Ñ‹Ğµ Ğ¼Ğ¾Ğ³ÑƒÑ‚ Ğ±Ñ‹Ñ‚ÑŒ Ğ¸ÑĞ¿Ğ¾Ğ»ÑŒĞ·Ğ¾Ğ²Ğ°Ğ½Ñ‹ Ğ² Ğ¼Ğ¾Ğ³ÑƒÑ‡Ğ¸Ñ… ĞºĞ¾Ğ¼Ğ±Ğ¸Ğ½Ğ°Ñ†Ğ¸ÑÑ…. Ğ—Ğ°Ñ‰Ğ¸Ñ‚Ğ¸Ñ‚Ğµ ÑĞµĞ±Ñ, Ğ¸ÑĞ¿Ğ¾Ğ»ÑŒĞ·ÑƒÑ ÑĞ¸Ğ»ÑŒĞ½ÑƒÑ Ğ»Ğ¸Ğ½Ğ¸Ñ Ğ¾Ğ±Ğ¾Ñ€Ğ¾Ğ½Ñ‹, Ğ·Ğ°Ñ‚ĞµĞ¼ Ñ‚ĞµĞ»ĞµĞ¿Ğ¾Ñ€Ñ‚Ğ¸Ñ€ÑƒĞ¹Ñ‚Ğµ ĞµÑ‘ ĞºĞ¾ Ğ²Ñ€Ğ°Ğ³Ñƒ, Ñ‡Ñ‚Ğ¾Ğ±Ñ‹ Ğ¾Ğ½Ğ° ÑÑ‚Ğ°Ğ»Ğ° Ğ½Ğ°ÑÑ‚ÑƒĞ¿Ğ°ÑÑ‰Ğ¸Ğ¼ Ñ„Ñ€Ğ¾Ğ½Ñ‚Ğ¾Ğ¼. ĞšĞ°Ğ¶Ğ´Ğ¾Ğµ Ğ·Ğ°ĞºĞ»Ğ¸Ğ½Ğ°Ğ½Ğ¸Ğµ, ĞºĞ¾Ñ‚Ğ¾Ñ€Ğ¾Ğµ Ğ²Ñ‹ Ğ¿Ñ€Ğ¾Ğ¸Ğ·Ğ½Ğ¾ÑĞ¸Ñ‚Ğµ, ÑƒÑĞ¸Ğ»Ğ¸Ğ²Ğ°ĞµÑ‚ Ğ²Ğ°ÑˆĞ¸ Ğ²Ğ¾Ğ¹ÑĞºĞ°, Ğ¿Ğ¾Ğ·Ğ²Ğ¾Ğ»ÑÑ Ğ¸Ğ¼ Ğ¸ÑĞ¿Ğ¾Ğ»ÑŒĞ·Ğ¾Ğ²Ğ°Ñ‚ÑŒ Ğ¼Ğ¾Ğ³ÑƒÑ‰ĞµÑÑ‚Ğ²ĞµĞ½Ğ½Ñ‹Ğµ ÑĞ¿Ğ¾ÑĞ¾Ğ±Ğ½Ğ¾ÑÑ‚Ğ¸..


[img]{STEAM_APP_IMAGE}/extras/Green.png[/img]
[i]""Ğ’ĞµĞ´Ğ¸ Ğ°Ñ€Ğ¼Ğ¸Ñ ÑÑ€ĞºĞ¸Ñ… Ñ€Ğ°ÑÑ‚ĞµĞ½Ğ¸Ğ¹ Ğ¸ Ğ´Ñ€ĞµĞ²Ğ½Ğ¸Ñ… Ğ´ĞµÑ€ĞµĞ²ÑŒĞµĞ² Ğ² Ğ±Ğ¸Ñ‚Ğ²Ñƒ. Ğ£ĞºĞ¾Ñ€ĞµĞ½Ğ¸ ÑĞ²Ğ¾Ğ¸Ñ… Ğ²Ñ€Ğ°Ğ³Ğ¾Ğ² Ğ¸ ÑƒÑ‚Ğ¾Ğ¿Ğ¸ Ğ¸Ñ… Ğ² Ğ¿Ğ¾Ñ‚Ğ¾ĞºĞµ ÑĞ°Ğ¶ĞµĞ½Ñ†ĞµĞ². Ğ Ğ°Ğ·Ğ²Ğ¸Ğ²Ğ°Ğ¹Ñ‚Ğµ Ğ¸Ñ…, Ñ‡Ñ‚Ğ¾Ğ±Ñ‹ ÑÑ‚Ğ°Ñ‚ÑŒ ÑĞ¸Ğ»ÑŒĞ½ĞµĞµ!"" [/i]

[img]{STEAM_APP_IMAGE}/extras/SteamPageCardsGreen.png[/img] 
ĞÑĞ½Ğ¾Ğ²Ğ½Ğ°Ñ Ğ¸Ğ³Ñ€Ğ¾Ğ²Ğ°Ñ Ğ¼ĞµÑ…Ğ°Ğ½Ğ¸ĞºĞ° Ğ¸ ĞºĞ¾Ğ¼Ğ±Ğ¸Ğ½Ğ°Ñ†Ğ¸Ğ¸ Ğ—ĞµĞ»Ñ‘Ğ½Ğ¾Ğ³Ğ¾ Ğ›ĞµĞ³Ğ¸Ğ¾Ğ½Ğ° Ğ·Ğ°ĞºĞ»ÑÑ‡Ğ°ÑÑ‚ÑÑ Ğ²  [b]Ğ¸ÑÑ†ĞµĞ»ĞµĞ½Ğ¸Ğ¸ ÑĞ¾ Ğ²Ñ€ĞµĞ¼ĞµĞ½ĞµĞ¼[/b] ÑÑ„Ñ„ĞµĞºÑ‚Ğ°Ñ…, [b]ÑƒĞºĞ¾Ñ€ĞµĞ½ĞµĞ½Ğ¸Ğ¸[/b] Ğ²Ğ°ÑˆĞ¸Ñ… Ğ²Ñ€Ğ°Ğ³Ğ¾Ğ² Ğ½Ğ° Ğ¼ĞµÑÑ‚Ğµ Ğ¸ Ğ¿Ğ¾ÑĞ»ĞµĞ´Ğ½ĞµĞµ, Ğ½Ğ¾ Ğ½Ğµ Ğ¼ĞµĞ½ĞµĞµ Ğ²Ğ°Ğ¶Ğ½Ğ¾Ğµ - [b]Ğ¿Ğ¾Ğ»Ñ‡Ğ¸Ñ‰Ğ° Ğ¡Ğ°Ğ¶ĞµĞ½Ñ†ĞµĞ²[/b], ĞºĞ¾Ñ‚Ğ¾Ñ€Ñ‹Ğµ Ğ¼Ğ¾Ğ³ÑƒÑ‚ Ğ¿Ñ€ĞµĞ²Ñ€Ğ°Ñ‚Ğ¸Ñ‚ÑŒÑÑ Ğ² Ğ¼Ğ¾Ğ³ÑƒÑ‰ĞµÑÑ‚Ğ²ĞµĞ½Ğ½Ñ‹Ñ… ÑÑƒÑ‰ĞµÑÑ‚Ğ².  


[img]{STEAM_APP_IMAGE}/extras/Black.png[/img]
[i]""Ğ—Ğ°Ğ¼Ğ¾Ñ€Ğ¾Ğ·ÑŒÑ‚Ğµ ÑĞ²Ğ¾Ğ¸Ñ… Ğ²Ñ€Ğ°Ğ³Ğ¾Ğ² Ğ¸ Ğ¸ÑÑ‚Ğ¾Ñ‰Ğ¸Ñ‚Ğµ Ğ¸Ñ… Ğ¶Ğ¸Ğ·Ğ½ĞµĞ½Ğ½Ñ‹Ğµ ÑĞ¸Ğ»Ñ‹. Ğ¡ÑƒÑ‰ĞµÑÑ‚Ğ²Ğ° Ğ¸Ğ· Ğ¿ÑƒÑÑ‚Ğ¾Ñ‚Ñ‹ ÑĞ¾Ğ±Ğ¸Ñ€Ğ°ÑÑ‚ Ğ´ÑƒÑˆĞ¸, Ñ‡Ñ‚Ğ¾Ğ±Ñ‹ Ñ€Ğ°ÑĞºÑ€Ñ‹Ñ‚ÑŒ Ğ·Ğ»Ğ¾Ğ²ĞµÑ‰Ğ¸Ğµ ÑĞ¿Ğ¾ÑĞ¾Ğ±Ğ½Ğ¾ÑÑ‚Ğ¸ ÑĞ²Ğ¾Ğ¸Ğ¼ Ğ¿Ñ€Ğ¾Ñ‚Ğ¸Ğ²Ğ½Ğ¸ĞºĞ°Ğ¼!""[/i]

[img]{STEAM_APP_IMAGE}/extras/SteamPageCardsBlack.png[/img]
Ğ£ Ğ§Ñ‘Ñ€Ğ½Ğ¾Ğ³Ğ¾ Ğ›ĞµĞ³Ğ¸Ğ¾Ğ½Ğ° Ğ¸Ğ³Ñ€Ğ¾Ğ²Ğ°Ñ Ğ¼ĞµÑ…Ğ°Ğ½Ğ¸ĞºĞ° ÑĞ¾ÑÑ‚Ğ¾Ğ¸Ñ‚ Ğ² [b]Ğ·Ğ°Ğ¼Ğ¾Ñ€Ğ°Ğ¶Ğ¸Ğ²Ğ°ÑÑ‰Ğ¸Ñ… Ğ¿Ñ€Ğ¾ĞºĞ»ÑÑ‚Ğ¸ÑÑ… Ğ¸ ÑĞ¿Ğ¾ÑĞ¾Ğ±Ğ½Ğ¾ÑÑ‚ÑÑ…[/b], Ğ° Ñ‚Ğ°ĞºĞ¶Ğµ Ğ²Ñ‹Ñ€Ñ‹Ğ²Ğ°Ğ½Ğ¸Ğ¸ Ğ´ÑƒÑˆ Ğ²Ñ€Ğ°Ğ¶ĞµÑĞºĞ¸Ñ… ÑĞ¾Ğ»Ğ´Ğ°Ñ‚ Ñ‡Ñ‚Ğ¾Ğ±Ñ‹[b] Ğ²Ñ‹Ğ·Ñ‹Ğ²Ğ°Ñ‚ÑŒ ÑƒĞ¶Ğ°ÑĞ°ÑÑ‰Ğ¸Ğµ Ğ¼Ğ°ÑÑĞ¸Ğ²Ğ½Ñ‹Ğµ Ğ·Ğ°ĞºĞ»Ğ¸Ğ½Ğ°Ğ½Ğ¸Ñ[/b].


[img]{STEAM_APP_IMAGE}/extras/white.png[/img]
[i]""ĞšĞ¾Ğ¼Ğ°Ğ½Ğ´ÑƒĞ¹Ñ‚Ğµ ÑĞ²ÑÑ‰ĞµĞ½Ğ½Ñ‹Ğ¼Ğ¸ Ğ»ÑƒÑ‡Ğ½Ğ¸ĞºĞ°Ğ¼Ğ¸ Ğ¸ Ğ±Ğ»ĞµÑÑ‚ÑÑ‰Ğ¸Ğ¼Ğ¸ Ñ€Ñ‹Ñ†Ğ°Ñ€ÑĞ¼Ğ¸ Ğ² ÑĞ¾Ğ¿Ñ€Ğ¾Ğ²Ğ¾Ğ¶Ğ´ĞµĞ½Ğ¸Ğ¸ Ğ°Ğ½Ğ³ĞµĞ»ÑŒÑĞºĞ¸Ñ… ÑĞ¸Ğ». ĞŸĞ¾Ğ´Ğ½Ğ¸Ğ¼Ğ¸Ñ‚Ğµ ÑĞ²Ğ¾Ğ¸ Ñ‰Ğ¸Ñ‚Ñ‹ Ğ¸ ÑÑ‚Ğ¾Ğ¹Ñ‚Ğµ Ğ¿Ñ€ÑĞ¼Ğ¾!""[/i]

[img]{STEAM_APP_IMAGE}/extras/SteamPageCardsWhite.png[/img]
ĞœĞµÑ…Ğ°Ğ½Ğ¸ĞºĞ° Ğ‘ĞµĞ»Ğ¾Ğ³Ğ¾ Ğ›ĞµĞ³Ğ¸Ğ¾Ğ½Ğ° Ğ¿Ğ¾Ğ·Ğ²Ğ¾Ğ»ÑĞµÑ‚ ĞµĞ¼Ñƒ Ğ¸ÑĞ¿Ğ¾Ğ»ÑŒĞ·Ğ¾Ğ²Ğ°Ñ‚ÑŒ [b]Ğ¸ÑÑ†ĞµĞ»ÑÑÑ‰Ğ¸Ğµ Ğ¸ Ğ·Ğ°Ñ‰Ğ¸Ñ‚Ğ½Ñ‹Ğµ Ğ·Ğ°ĞºĞ»Ğ¸Ğ½Ğ°Ğ½Ğ¸Ñ[/b], ĞºĞ¾Ñ‚Ğ¾Ñ€Ñ‹Ğµ Ğ¼Ğ¾Ğ³ÑƒÑ‚ Ğ¿Ñ€Ğ¸Ğ¼ĞµĞ½ÑÑ‚ÑŒÑÑ Ğ½Ğ° Ğ¼Ğ½Ğ¾Ğ¶ĞµÑÑ‚Ğ²Ğµ ÑĞ¾Ğ»Ğ´Ğ°Ñ‚ Ğ¾Ğ´Ğ½Ğ¾Ğ²Ñ€ĞµĞ¼ĞµĞ½Ğ½Ğ¾. Ğ Ğ°Ğ·Ğ´Ğ°Ğ²Ğ¸Ñ‚Ğµ ÑĞ²Ğ¾ĞµĞ³Ğ¾ Ğ²Ñ€Ğ°Ğ³Ğ° Ñ [b]Ğ±Ğ°Ñ‚Ğ°Ğ»ÑŒĞ¾Ğ½Ğ¾Ğ¼ Ğ»ÑƒÑ‡Ğ½Ğ¸ĞºĞ¾Ğ² Ğ¸ Ñ€Ñ‹Ñ†Ğ°Ñ€ĞµĞ¹[/b] Ğ¸ Ğ·Ğ°ÑÑ‚Ğ°Ğ²Ğ¸Ñ‚ÑŒ Ğ¸Ñ… Ğ²Ñ‹Ğ¶Ğ¸Ñ‚ÑŒ Ğ´Ğ¾ Ğ¿Ğ¾ÑĞ»ĞµĞ´Ğ½ĞµĞ¹ Ğ¼Ğ¸Ğ½ÑƒÑ‚Ñ‹, Ñ‡Ñ‚Ğ¾Ğ±Ñ‹ Ğ¿ĞµÑ€ĞµĞ»Ğ¾Ğ¼Ğ¸Ñ‚ÑŒ Ñ…Ğ¾Ğ´ Ğ±Ğ¸Ñ‚Ğ²Ñ‹.


[img]{STEAM_APP_IMAGE}/extras/colorless.png[/img]
[i]""ĞŸÑ€Ğ¾Ğ±ÑƒĞ´Ğ¸ Ğ´Ñ€ĞµĞ²Ğ½Ğ¸Ğµ Ğ»ĞµĞ³ĞµĞ½Ğ´Ñ‹ Ğ¾ Ğ´Ğ°Ğ²Ğ½Ğ¾ Ğ·Ğ°Ğ±Ñ‹Ñ‚Ñ‹Ñ… Ğ°Ñ€Ñ‚ĞµÑ„Ğ°ĞºÑ‚Ğ°Ñ… Ğ¸ â€‹â€‹Ğ¿Ğ¾Ğ»ÑƒÑ‡Ğ¸ Ğ»ĞµĞ³ĞµĞ½Ğ´Ğ°Ñ€Ğ½ÑƒÑ ÑĞ¸Ğ»Ñƒ, Ğ´Ğ»Ñ Ğ¿Ğ¾Ğ±ĞµĞ´Ñ‹ Ğ½Ğ°Ğ´ ÑĞ²Ğ¾Ğ¸Ğ¼Ğ¸ Ğ²Ñ€Ğ°Ğ³Ğ°Ğ¼Ğ¸!""[/i]

[img]{STEAM_APP_IMAGE}/extras/SteamPageCardsColorless.png[/img]
Ğ˜Ğ³Ñ€Ğ¾Ğ²Ğ°Ñ Ğ¼ĞµÑ…Ğ°Ğ½Ğ¸ĞºĞ° Ñƒ ĞšÑ€Ğ¸ÑÑ‚Ğ°Ğ»ÑŒĞ½Ğ¾Ğ³Ğ¾ Ğ›ĞµĞ³Ğ¸Ğ¾Ğ½Ğ° Ğ¿Ğ¾Ğ»Ğ½Ğ¾ÑÑ‚ÑŒÑ Ñ€Ğ°ÑĞºÑ€Ñ‹Ğ²Ğ°ĞµÑ‚ÑÑ Ğ² [b]Ğ¿Ğ¾Ğ´Ğ´ĞµÑ€Ğ¶Ğ¸Ğ²Ğ°ÑÑ‰Ğ¸Ñ… Ğ¸ ÑÑ‚Ğ°Ğ±Ğ¸Ğ»Ğ¸Ğ·Ğ¸Ñ€ÑƒÑÑ‰Ğ¸Ñ… ÑĞ¿Ğ¾ÑĞ¾Ğ±Ğ½Ğ¾ÑÑ‚ÑÑ…[/b], Ğ¿Ğ¾ĞºĞ° Ğ²Ñ‹ Ğ±ĞµÑ€ĞµÑ‚Ğµ Ğ¿Ğ¾Ğ´ ĞºĞ¾Ğ½Ñ‚Ñ€Ğ¾Ğ»ÑŒ Ğ¿Ğ¾Ğ»Ğµ Ğ±Ğ¸Ñ‚Ğ²Ñ‹ Ñ [b]Ğ¼Ğ¾Ğ³ÑƒÑ‡Ğ¸Ğ¼Ğ¸ Ğ³Ğ¾Ğ»ĞµĞ¼Ğ°Ğ¼Ğ¸ Ğ¸ Ğ´Ñ€ĞµĞ²Ğ½Ğ¸Ğ¼Ğ¸ Ğ·Ğ°ĞºĞ»Ğ¸Ğ½Ğ°Ğ½Ğ¸ÑĞ¼Ğ¸.[/b]


[h2]Ğ’Ñ…Ğ¾Ğ´Ğ¸Ñ‚ Ğ»Ğ¸ Ğ¸Ğ³Ñ€Ğ° Ğ² Ñ‚Ğ¸Ğ¿: Ğ·Ğ°Ğ¿Ğ»Ğ°Ñ‚Ğ¸ Ñ‡Ñ‚Ğ¾Ğ±Ñ‹ Ğ²Ñ‹Ğ¸Ğ³Ñ€Ğ°Ñ‚ÑŒ?[/h2]
Ğ˜Ğ³Ñ€Ğ° Ğ¾Ğ¿Ñ€ĞµĞ´ĞµĞ»Ñ‘Ğ½Ğ½Ğ¾ Ğ½Ğµ ÑĞ²Ğ»ÑĞµÑ‚ÑÑ Ñ‚Ğ°ĞºĞ¾Ğ²Ğ¾Ğ¹. Ğ’Ñ‹ Ğ¼Ğ¾Ğ¶ĞµÑ‚Ğµ Ñ€Ğ°Ğ·Ğ±Ğ»Ğ¾ĞºĞ¸Ñ€Ğ¾Ğ²Ğ°Ñ‚ÑŒ Ğ»ÑĞ±ÑƒÑ ĞºĞ°Ñ€Ñ‚Ñƒ Ğ¸ÑĞ¿Ğ¾Ğ»ÑŒĞ·ÑƒÑ Ğ²Ğ½ÑƒÑ‚Ñ€Ğ¸Ğ¸Ğ³Ñ€Ğ¾Ğ²ÑƒÑ Ğ²Ğ°Ğ»ÑÑ‚Ñƒ. ĞĞ°ÑˆĞ° Ğ±Ğ¸Ğ·Ğ½ĞµÑ-Ğ¼Ğ¾Ğ´ĞµĞ»ÑŒ - ÑÑ‚Ğ¾ Ğ¸Ğ³Ñ€Ğ°Ğ¹ Ğ±ĞµÑĞ¿Ğ»Ğ°Ñ‚Ğ½Ğ¾ Ğ¸Ğ»Ğ¸ Ğ·Ğ°Ğ¿Ğ»Ğ°Ñ‚Ğ¸, Ñ‡Ñ‚Ğ¾Ğ±Ñ‹ Ñ€Ğ°Ğ·Ğ²Ğ¸Ğ²Ğ°Ñ‚ÑŒÑÑ Ğ±Ñ‹ÑÑ‚Ñ€ĞµĞµ, Ğ•Ğ”Ğ˜ĞĞ¡Ğ¢Ğ’Ğ•ĞĞĞĞ¯ Ğ²ĞµÑ‰ÑŒ, ĞºĞ¾Ñ‚Ğ¾Ñ€Ğ°Ñ Ğ¼Ğ¾Ğ¶ĞµÑ‚ Ğ±Ñ‹Ñ‚ÑŒ ĞºÑƒĞ¿Ğ»ĞµĞ½Ğ° Ğ·Ğ° Ñ€ĞµĞ°Ğ»ÑŒĞ½Ñ‹Ğµ Ğ´ĞµĞ½ÑŒĞ³Ğ¸ - ÑÑ‚Ğ¾ ĞºĞ¾ÑÑ‚ÑĞ¼Ñ‹, Ğ»Ğ¸Ğ±Ğ¾ Ğ¿Ğ¾Ğ¶ĞµÑ€Ñ‚Ğ²Ğ¾Ğ²Ğ°Ğ½Ğ¸Ñ Ğ´Ğ»Ñ Ğ¿Ğ¾Ğ¼Ğ¾Ñ‰Ğ¸ Ğ¸Ğ³Ñ€Ğµ.

[h2]Ğ•ÑÑ‚ÑŒ Ğ»Ğ¸ ÑĞµĞºÑ€ĞµÑ‚Ñ‹ Ñ ÑĞºÑĞºĞ»ÑĞ·Ğ¸Ğ²Ğ½Ñ‹Ğ¼Ğ¸ Ğ²ĞµÑ‰Ğ°Ğ¼Ğ¸?[/h2]
ĞšĞ¾Ğ½ĞµÑ‡Ğ½Ğ¾, Ğ²Ñ‹ Ñ‚Ğ¾Ğ»ÑŒĞºĞ¾ Ñ‡Ñ‚Ğ¾ Ğ½Ğ°ÑˆĞ»Ğ¸ Ğ¾Ğ´Ğ¸Ğ½ Ğ¸Ğ· Ğ²Ğ¾ÑÑŒĞ¼Ğ¸ ÑĞµĞºÑ€ĞµÑ‚Ğ¾Ğ², Ñ‡Ñ‚Ğ¾Ğ±Ñ‹ Ğ²Ñ‹ĞºÑƒĞ¿Ğ¸Ñ‚ÑŒ Ğ¸Ñ… Ğ² Ğ¸Ğ³Ñ€Ğ¾Ğ²Ğ¾Ğ¼ Ğ¼Ğ°Ğ³Ğ°Ğ·Ğ¸Ğ½Ğµ: [b]XR0F-7ST3-4MC0-MMUN-1TYX[/b] ğŸŠ
[img]{STEAM_APP_IMAGE}/extras/SteamPageSecret.png[/img]";"[img]{STEAM_APP_IMAGE}/extras/SteamPage.gif[/img]

Disfruta de una estrategia de tira y afloja rÃ¡pida y fÃ¡cil de aprender. Un hÃ­brido de MOBA, defensa de la torre y construcciÃ³n de mazos. Â¡Juega solo o trae un amigo para la cooperativa, recoge cartas, construye tu mazo y aplasta a tus enemigos!

[h2]CaracterÃ­sticas principales:[/h2]
[list]
[*]Completamente gratis
[*]Partidas cortas, intensas 1v1, 2v2 y Co-Op
[*]ConstrucciÃ³n de mazos
[*]DesafÃ­os JcE
[*]Cinco legiones jugables
[*]Mazos de dos colores
[/list]

[img]{STEAM_APP_IMAGE}/extras/blue.png[/img]
[i]""Arme mÃ¡quinas poderosas y atraviese cualquier defensa. Â¡Genere energÃ­a y materialÃ­cese detrÃ¡s de las lÃ­neas enemigas!""[/i]

[img]{STEAM_APP_IMAGE}/extras/SteamPageCardsBlue.png[/img]
La mecÃ¡nica de juego principal de la LegiÃ³n Azul presenta una variedad de [b]efectos de energÃ­a y edificios[/b] que pueden usarse para combos pesados. DefiÃ©ndete con una fuerte lÃ­nea defensiva, luego teletransporta al enemigo para que se convierta en tu lÃ­nea de ataque. Cada hechizo que lanzas potencia a tus tropas, permitiÃ©ndoles desatar poderosas habilidades.


[img]{STEAM_APP_IMAGE}/extras/Green.png[/img]
[i]""Dirige a un ejÃ©rcito de plantas vÃ­vidas y Ã¡rboles centenarios a la batalla. Derriba a tus enemigos y ahÃ³jalos en un torrente de Ã¡rbolitos. Evoluciona para que se vuelvan mÃ¡s fuertes"".[/i]

[img]{STEAM_APP_IMAGE}/extras/SteamPageCardsGreen.png[/img]
La mecÃ¡nica de juego y los combos principales de la LegiÃ³n Verde presentan una variedad de [b]efectos de curaciÃ³n en el tiempo[/b], [b]enraizamiento[/b] a tus enemigos en su lugar y, por Ãºltimo, pero no menos importante, [b]hordas de retoÃ±os[/b] que puede convertirse en criaturas poderosas.


[img]{STEAM_APP_IMAGE}/extras/Black.png[/img]
[i]""Congela a tus enemigos y agota su vida. Las criaturas del vacÃ­o reÃºnen almas para liberar habilidades siniestras sobre sus enemigos"".[/i]

[img]{STEAM_APP_IMAGE}/extras/SteamPageCardsBlack.png[/img]
La mecÃ¡nica de juego y los combos principales de la LegiÃ³n Negra presentan una variedad de [b]hechizos y habilidades de congelaciÃ³n[/b], asÃ­ como tambiÃ©n desgarran las almas de las unidades enemigas para [b]activar poderosas habilidades pasivas[/b].


[img]{STEAM_APP_IMAGE}/extras/white.png[/img]
[i]""Dirige arqueros sagrados y caballeros brillantes acompaÃ±ados de fuerzas angelicales. Â¡Levanta tus escudos y mantente firme!""[/i]

[img]{STEAM_APP_IMAGE}/extras/SteamPageCardsWhite.png[/img]
La mecÃ¡nica de juego y los combos principales de la LegiÃ³n Blanca presentan una variedad de [b]hechizos de curaciÃ³n y protecciÃ³n[/b] que pueden apuntar a mÃºltiples unidades a la vez. Abruma a tu oponente con [b]masas de arqueros y caballeros[/b] y haz que sobrevivan hasta el Ãºltimo minuto para cambiar el rumbo de la batalla.


[img]{STEAM_APP_IMAGE}/extras/colorless.png[/img]
[i]""Â¡Despierta las antiguas leyendas de artefactos olvidados y reclama el legendario poder para destruir a tus enemigos!""[/i]

[img]{STEAM_APP_IMAGE}/extras/SteamPageCardsColorless.png[/img]
Las principales mecÃ¡nicas de juego y combos de Crystal Legion presentan una variedad de [b]habilidades de apoyo y estabilizaciÃ³n[/b], mientras tomas el control del campo de batalla con [b]poderosos golems y hechizos antiguos.[/b]


[h2]Â¿Es el juego Paga Pa' Ganar?[/h2]
El juego no es explÃ­citamente ""Paga Pa' Ganar"". Puedes desbloquear cualquier carta en el juego con monedas dentro del juego. Nuestro modelo de negocio es gratuito y paga para avanzar mÃ¡s rÃ¡pido, las ÃšNICAS cosas que solo se pueden comprar con dinero real son mÃ¡scaras, para ayudar a apoyar el juego.

[h2] Â¿Hay algÃºn secreto con cosas exclusivas? [/h2]
Claro, acabas de encontrar uno de los ocho secretos para redimir en la tienda del juego: [b] XR0F-7ST3-4MC0-MMUN-1TYX [/b] ğŸŠ
[img]{STEAM_APP_IMAGE}/extras/SteamPageSecret.png[/img]";"[img]{STEAM_APP_IMAGE}/extras/SteamPage.gif[/img]

Goditi un gioco di strategia veloce e immediato, facile da imparare e soddisfacente da padroneggiare. Un ibrido fra MOBA, tower defence e gioco di carte. Gioca da solo o con un amico, colleziona carte, crea il tuo mazzo e travolgi i tuoi avversari!

[h2]Caratteristiche principali:[/h2]
[list]
[*]Totalmente free-to-play
[*]Brevi e intense partite 1v1, 2v2 e Co-op
[*]Creazione di mazzi
[*]Sfide contro l'intelligenza artificiale
[*]Cinque Legioni giocabili
[*]PossibilitÃ  di unire due Legioni
[/list]

[img]{STEAM_APP_IMAGE}/extras/blue.png[/img]
[i]""Assembla potenti macchine da guerra e fai breccia in ogni difesa. Genera energia e materializzati dietro le linee nemiche!""[/i]

[img]{STEAM_APP_IMAGE}/extras/SteamPageCardsBlue.png[/img]
Le strategie di gioco della Legione Blu offrono una varietÃ  di [b]strutture e abilitÃ  basate sull'energia[/b] che possono essere usate in combo micidiali. Crea una solida linea difensiva, poi teletrasportala sul nemico e falla diventare la tua forza d'assalto. Ogni magia che lanci potenzia le tue truppe, sbloccando le loro potenti abilitÃ  passive.


[img]{STEAM_APP_IMAGE}/extras/Green.png[/img]
[i]""Comanda in battaglia un'armata di piante viventi e di alberi antichi. Intrappola i tuoi nemici e affogali con una valanga di germogli agguerriti. Evolvili per renderli piÃ¹ forti""[/i]

[img]{STEAM_APP_IMAGE}/extras/SteamPageCardsGreen.png[/img] 
Le strategie di gioco e le combo della Legione Verde sfruttano efficaci [b]capacitÃ  di cura[/b] dilatate nel tempo, [b]abilitÃ  di intrappolamento[/b] e, ultime ma non meno importanti, [b]orde di Sapling[/b] che possono evolversi in potenti creature. 


[img]{STEAM_APP_IMAGE}/extras/Black.png[/img]
[i]""Congela i tuoi nemici e risucchia loro la vita. Creature dal Vuoto raccoglieranno le anime per rilasciare sinistre abilitÃ  sui loro nemici""[/i]

[img]{STEAM_APP_IMAGE}/extras/SteamPageCardsBlack.png[/img]
Le strategie di gioco e le combo della Legione Nera utilizzano una varietÃ  di [b]abilitÃ  e magie di congelamento[/b], cosÃ¬ come il furto delle anime delle unitÃ  nemiche per [b]attivare potenti abilitÃ  passive[/b].


[img]{STEAM_APP_IMAGE}/extras/white.png[/img]
[i]""Comanda virtuosi arcieri e cavalieri splendenti accompagnati dalle forze angeliche. Alza i tuoi scudi e resisti a lungo!""[/i]

[img]{STEAM_APP_IMAGE}/extras/SteamPageCardsWhite.png[/img]
Le strategie di gioco e le combo della Legione Bianca utilizzano una varietÃ  di [b]magie curative e di protezione[/b] che possono bersagliare piÃ¹ unitÃ  in una sola volta. Soverchia il tuo avversario con [b]legioni di arcieri e cavalieri[/b] e falli sopravvivere fino alla fine per cambiare le sorti della battaglia.


[img]{STEAM_APP_IMAGE}/extras/colorless.png[/img]
[i]Risveglia gli antichi e leggendari manufatti dei tempi che furono e fai tuoi il temibile potere capace di devastare i tuoi nemici!""[/i]

[img]{STEAM_APP_IMAGE}/extras/SteamPageCardsColorless.png[/img]
Le strategie di gioco e le combo della Legione di Cristallo ti concedono multiple abilitÃ  di [b]supporto e cristallizzazione[/b], permettendoti nel frattempo di prendere il controllo del campo di battaglia con [b]enormi golem e antichi incantesimi[/b].


[h2]Il gioco Ã¨ Pay-to-win?[/h2]
Questo gioco Ã¨ esplicitamente non pay-to-win. Puoi sbloccare ogni carta nel gioco con la valuta in-game. Il nostro modello economico Ã¨ free-to-play e gioca-per-giocare-ancora. Le UNICHE cose che possono essere acquistate con soldi reali sono skin per le tue unitÃ , nel caso in cui tu voglia supportare il gioco.

[h2]Ci sono segreti nacosti con contenuti bonus?[/h2]
Certamente, hai appena trovato uno degli otto segreti da riscuotere nel negozio in-gioco: [b]XR0F-7ST3-4MC0-MMUN-1TYX[/b] ğŸŠ
[img]{STEAM_APP_IMAGE}/extras/SteamPageSecret.png[/img]";"";"";"";"[img]{STEAM_APP_IMAGE}/extras/SteamPage.gif[/img]

Ciesz siÄ™ szybkÄ…, Å‚atwÄ… do nauczenia strategiÄ… przeciÄ…gania liny. Hybryda MOBA, tower defense i budowania talii. Graj solo lub przyprowadÅº przyjaciela do kooperacji, zbieraj karty, buduj taliÄ™ i miaÅ¼dÅ¼ wrogÃ³w!


[h2]Key Features:[/h2]
[list]
[*]CaÅ‚kowice darmowa
[*]KrÃ³tkie, intensywne mecze 1v1, 2v2 i kooperacjÄ™
[*]Budowanie decku
[*]Wyzwania PvE
[*]PiÄ™Ä‡ grywalnych LegionÃ³w
[*]Dwu-kolorowe Talie
[/list]

[img]{STEAM_APP_IMAGE}/extras/blue.png[/img]
[i]""Montuj potÄ™Å¼ne maszyny i przebij siÄ™ przez wszelkie zabezpieczenia. Generuj energiÄ™ i materializuj siÄ™ za liniami wroga!""[/i]

[img]{STEAM_APP_IMAGE}/extras/SteamPageCardsBlue.png[/img]
GÅ‚Ã³wna mechanika rozgrywki Niebieskiego Legionu obejmuje rÃ³Å¼norodne [b]efekty energetyczne i budynki [/b], ktÃ³re moÅ¼na wykorzystaÄ‡ do mocnych kombosÃ³w. ObroÅ„ siÄ™ silnÄ… liniÄ… obronnÄ…, a nastÄ™pnie teleportuj jÄ… do wroga, aby staÅ‚a siÄ™ twojÄ… liniÄ… ataku. KaÅ¼de rzucone przez ciebie zaklÄ™cie wzmacnia twoich Å¼oÅ‚nierzy, umoÅ¼liwiajÄ…c im uÅ¼ycie potÄ™Å¼nych umiejÄ™tnoÅ›ci.

[img]{STEAM_APP_IMAGE}/extras/Green.png[/img]
[i]""PoprowadÅº armiÄ™ Å¼ywych roÅ›lin i staroÅ¼ytnych drzew do bitwy. UkorzeÅ„ swoich wrogÃ³w i utop ich w powodzi sadzonek. PrzeksztaÅ‚Ä‡ je, aby staÅ‚y siÄ™ silniejsze."" [/i]

[img]{STEAM_APP_IMAGE}/extras/SteamPageCardsGreen.png[/img] 
GÅ‚Ã³wne mechanizmy rozgrywki i komobosy Zielonego Legionu zawierajÄ… szereg [b]efektÃ³w leczenia z upÅ‚ywem czasu[/b], [b]zakorzenienie[/b] wrogÃ³w w miejscu, a takÅ¼e [b]hordy Sadzonek[/b], ktÃ³re moÅ¼na przeksztaÅ‚ciÄ‡ siÄ™ w potÄ™Å¼ne stworzenia.

[img]{STEAM_APP_IMAGE}/extras/Black.png[/img]
[i]""ZamroÅº wrogÃ³w i oprÃ³Å¼nij ich paski Å¼ycia. Stworzenia z prÃ³Å¼ni gromadzÄ… dusze, aby uwolniÄ‡ zÅ‚owrogie zdolnoÅ›ci na ichwrogÃ³w.""[/i]

[img]{STEAM_APP_IMAGE}/extras/SteamPageCardsBlack.png[/img]
GÅ‚Ã³wne mechanizmy rozgrywki i kombosÃ³w Czarnego Legionu obejmujÄ… rÃ³Å¼norodne [b]zamraÅ¼ajÄ…ce zaklÄ™cia i zdolnoÅ›ci[/b], a takÅ¼e wydracie duszy wrogich jednostek by[b]  wywoÅ‚aÄ‡ potÄ™Å¼nych umiejÄ™tnoÅ›ci pasywnych[/b]

[img]{STEAM_APP_IMAGE}/extras/white.png[/img]
[i]""Kieruj Å›wiÄ™tymi Å‚ucznikami i bÅ‚yszczÄ…cymi rycerzami w towarzystwie siÅ‚ anielskich. PodnieÅ› swojÄ… tarcze i staÅ„ mocno!""[/i]

[img]{STEAM_APP_IMAGE}/extras/SteamPageCardsWhite.png[/img]
GÅ‚Ã³wne mechanizmy rozgrywki i kombosÃ³w BiaÅ‚ego Legionu zawierajÄ… rÃ³Å¼norodne [b] zaklÄ™cia leczÄ…ce i osÅ‚aniajÄ…ce [/b], ktÃ³re mogÄ… byÄ‡ celowane na wiele jednostek jednoczeÅ›nie. ObezwÅ‚adnij przeciwnika [b]masami Å‚ucznikÃ³w i rycerzy[/b] spraw by przetrwali do ostatniej chwili, aby odwrÃ³ciÄ‡ losy bitwy.


[img]{STEAM_APP_IMAGE}/extras/colorless.png[/img]
[i]""PrzebudÅº staroÅ¼ytne legendy dawno zapomnianych artefaktÃ³w i zdobÄ…dÅº legendarnÄ… moc, by obrÃ³ciÄ‡ wrogÃ³w w pyÅ‚!""[/i]

[img]{STEAM_APP_IMAGE}/extras/SteamPageCardsColorless.png[/img]
GÅ‚Ã³wne mechanizmy rozgrywki i kombosÃ³w KrysztaÅ‚owego Legionu  obejmujÄ… rÃ³Å¼norodne [b]zdolnoÅ›ci wspierajÄ…ce i stabilizujÄ…ce[/b], kiedy ty kontrolujesz pole bitwy za pomocÄ… [b]potÄ™Å¼nych golemÃ³w i staroÅ¼ytnych zaklÄ™Ä‡.[/b]


[h2]Czy gra jest ""zapÅ‚aÄ‡ by wygraÄ‡""?[/h2]
Gra wyraÅºnie nie jest typu ""zapÅ‚aÄ‡ by wygraÄ‡"". MoÅ¼esz odblokowaÄ‡ dowolne karty w grze za pomocÄ… waluty w grze. Nasz model biznesowy jest darmowy i zapÅ‚aÄ‡ by postÄ™powaÄ‡ szybciej, TYLKO rzeczy, ktÃ³re moÅ¼na kupiÄ‡ tylko za prawdziwe pieniÄ…dze, to skÃ³rki, ktÃ³re wspierajÄ… grÄ™.

[h2]Czy sÄ… jakieÅ› tajemnice z ekskluzywnymi rzeczami?[/h2]
Jasne, wÅ‚aÅ›nie znalazÅ‚eÅ› jeden z oÅ›miu sekretÃ³w do wykorzystania w sklepie z grami: [b]XR0F-7ST3-4MC0-MMUN-1TYX[/b] ğŸŠ
[img]{STEAM_APP_IMAGE}/extras/SteamPageSecret.png[/img]";"";"[img]{STEAM_APP_IMAGE}/extras/SteamPage.gif[/img]

Desfrute de um jogo de estratÃ©gia de ritmo rÃ¡pido, fÃ¡cil de assimilar, no estilo cabo de guerra. Um hÃ­brido de MOBA, Defesa de Torres e ConstruÃ§Ã£o de Baralhos. Jogue sozinho ou traga um amigo para jogos cooperativos, colecionar cartas, construir o seu baralho e esmagar os seus inimigos!

[h2]CaracterÃ­sticas principais:[/h2]
[list]
[*]Completamente gratuito
[*]Partidas rÃ¡pidas e intensas 1x1, 2x2 e Cooperativas
[*]ConstruÃ§Ã£o de baralhos
[*]Desafios PVE
[*]5 LegiÃµes JogÃ¡veis
[*]Baralhos de 2 cores
[/list]

[img]{STEAM_APP_IMAGE}/extras/blue.png[/img]
[i]""Monte mÃ¡quinas poderosas e penetre quaisquer defesas. Gere energia e materialize-se atrÃ¡s das linhas inimigas!""[/i]

[img]{STEAM_APP_IMAGE}/extras/SteamPageCardsBlue.png[/img]
As mecÃ¢nicas principais de jogo das LegiÃµes Azuis e seus combos consistem numa variedade de [b]efeitos de energia e construÃ§Ãµes[/b]  que podem ser usadas para combos pesados. Se defenda com uma linha defensiva forte, entÃ£o teleporte para o inimigo para se tornar a sua linha ofensiva. Cada magia que vocÃª conjura reforÃ§a as suas tropas, permitindo que elas desencadeiem poderosas habilidades.


[img]{STEAM_APP_IMAGE}/extras/Green.png[/img]
[i]""Lidere um exÃ©rcito de plantas vÃ­vidas e Ã¡rvores-anciÃ£s em batalha. EnraÃ­ze seus inimigos e ""afogue"" eles em uma ""inundaÃ§Ã£o"" de mudas. Evolua-os para que se tornem mais fortes."" [/i]

[img]{STEAM_APP_IMAGE}/extras/SteamPageCardsGreen.png[/img] 
As mecÃ¢nicas principais de jogo das LegiÃµes Verdes e seus combos consistem numa variedade de [b]efeitos de cura contÃ­nua[/b], [b]enraizar[/b] seus inimigos no lugar e por Ãºltimo, mas nÃ£o menos importante, [b]hordas de Mudas[/b] que podem evoluir em criaturas poderosas.  


[img]{STEAM_APP_IMAGE}/extras/Black.png[/img]
[i]""Congele seus inimigos e drene sua vida. Criaturas do vazio colhem almas para desencadear habilidades sinistras pra cima de seus adversÃ¡rios.""[/i]

[img]{STEAM_APP_IMAGE}/extras/SteamPageCardsBlack.png[/img]
As mecÃ¢nicas principais de jogo das LegiÃµes Negras e seus combos consistem numa variedade de [b]habilidades e magias de congelamento[/b], assim como arrancar as almas das unidades inimigas para [b] desencadear poderosas habilidades passivas[/b].


[img]{STEAM_APP_IMAGE}/extras/white.png[/img]
[i]""Comande arqueiros sagrados e cavaleiros reluzentes acompanhados por forÃ§as angelicais. Erga seus escudos e permaneÃ§a firme!""[/i]

[img]{STEAM_APP_IMAGE}/extras/SteamPageCardsWhite.png[/img]
As mecÃ¢nicas principais de jogo das LegiÃµes Brancas e seus combos consistem numa variedade de [b]magias de cura e escudo[/b] que podem afetar mÃºltiplas unidades ao mesmo tempo. Sobrepuje seu oponente com [b]massas de arqueiros e cavaleiros[/b] e faÃ§a-os sobreviver atÃ© o Ãºltimo minuto para virar a marÃ© da batalha Ã  seu favor.


[img]{STEAM_APP_IMAGE}/extras/colorless.png[/img]
[i]""Acorde as lendas antigas de artefatos hÃ¡ muito esquecidos, e reclame o poder lendÃ¡rio para obliterar seus inimigos!""[/i]

[img]{STEAM_APP_IMAGE}/extras/SteamPageCardsColorless.png[/img]
As mecÃ¢nicas de jogo das LegiÃµes de Cristal e seus combos consistem numa variedade de [b]habilidades de suporte e estabilizaÃ§Ã£o[/b], enquanto vocÃª toma controle do campo de batalha com [b]golems poderosos e magias antigas.[/b]


[h2]Esse jogo Ã© Pagar-Para-Vencer?[/h2]
O jogo nÃ£o Ã© Pagar-Para-Vencer explicitamente. VocÃª pode desbloquear quaisquer cartas do jogo com as moedas do mesmo. Nosso modelo de negÃ³cio Ã© gratuito-para-jogar e pagar-para-avanÃ§ar-mais-rÃ¡pido, as ÃšNICAS coisas que podem ser compradas com dinheiro real sÃ£o skins (peles), para ajudar a manter o jogo.

[h2]Existem segredos com conteÃºdo exclusivo?[/h2]
Claro, vocÃª acabou de encontrar um dos oitos segredos para reclamar na loja do jogo: [b]XR0F-7ST3-4MC0-MMUN-1TYX[/b] ğŸŠ
[img]{STEAM_APP_IMAGE}/extras/SteamPageSecret.png[/img]
 
steam_description";"[img]{STEAM_APP_IMAGE}/extras/SteamPage.gif[/img]

YÃ¼ksek tempolu, Ã¶ÄŸrenmesi kolay ve bol Ã§ekiÅŸmeli bir strateji oyunu. MOBA, kule savunmasÄ± ve deste oluÅŸturma tÃ¼rlerinin bir karÄ±ÅŸÄ±mÄ±! Tek baÅŸÄ±na ya da bir arkadaÅŸÄ±nla iÅŸbirliÄŸi iÃ§inde oynayarak kartlarÄ± topla, desteni oluÅŸtur ve dÃ¼ÅŸmanlarÄ±nÄ± parÃ§ala!

[h2]Ana Ã¶zellikler:[/h2]
[list]
[*]Tamamen bedava
[*]KÄ±sa, yoÄŸun 1v1, 2v2 ve iÅŸbirlikÃ§i karÅŸÄ±laÅŸmalarÄ±
[*]Deste oluÅŸturma
[*]PvE meydan okumalarÄ±
[*]Oynanabilir 5 farklÄ± Lejyon
[*]Ã‡ift renkli desteler
[/list]

[img]{STEAM_APP_IMAGE}/extras/blue.png[/img]
[i]""Muazzam makineleri topla ve her tÃ¼rlÃ¼ savunmayÄ± aÅŸ. Enerji Ã¼ret ve dÃ¼ÅŸman sÄ±nÄ±rlarÄ±nÄ±n Ã¶tesinde belir.[/i]

[img]{STEAM_APP_IMAGE}/extras/SteamPageCardsBlue.png[/img]
Mavi Lejyon'un temel oynanÄ±ÅŸ mekaniklerinde ÅŸiddetli kombolar iÃ§in kullanÄ±labilen Ã§eÅŸitli [b]enerji tabanlÄ± efektler ve binalar[/b]  bulunmaktadÄ±r. Kendini gÃ¼Ã§lÃ¼ bir savunma hattÄ±yla savun, ardÄ±ndan savunma hattÄ±nÄ± dÃ¼ÅŸman hattÄ±na Ä±ÅŸÄ±nlayarak saldÄ±rÄ± hattÄ±na dÃ¶nÃ¼ÅŸtÃ¼r. KullandÄ±ÄŸÄ±n her bÃ¼yÃ¼ askerlerini gÃ¼Ã§lendirecek ve onlarÄ±n gÃ¼Ã§lÃ¼ yeteneklerini ortaya Ã§Ä±karacak.


[img]{STEAM_APP_IMAGE}/extras/Green.png[/img]
[i]""CanlÄ± bitkiler ve yaÅŸlÄ± aÄŸaÃ§lardan oluÅŸan ordunu savaÅŸa sÃ¼rÃ¼kle. DÃ¼ÅŸmanlarÄ±nÄ± kÃ¶klerinle tut ve onlarÄ± fidanlarÄ±ndan oluÅŸan bir dalgada boÄŸ. OnlarÄ± geliÅŸtirerek daha gÃ¼Ã§lÃ¼ ol.[/i]

[img]{STEAM_APP_IMAGE}/extras/Black.png[/img]
Kara Lejyon'un temel oynanÄ±ÅŸ biÃ§imi ve kombolarÄ± [b]donduran bÃ¼yÃ¼ler ve yetenekler[/b] ile dÃ¼ÅŸman Ã¼nitelerinin ruhunu sÃ¶kerek [b] tetiklenen gÃ¼Ã§lÃ¼ pasif yetenekleri[/b] kullanmaktÄ±r.


[img]{STEAM_APP_IMAGE}/extras/white.png[/img]
[i]""TanrÄ±sal gÃ¼cÃ¼n eÅŸlik ettiÄŸi kutsal okÃ§ulara ve parlak ÅŸÃ¶valyelere Ã¶nderlik et. KalkanlarÄ± kaldÄ±r ve gÃ¼Ã§lÃ¼ dur!""[/i]

[img]{STEAM_APP_IMAGE}/extras/SteamPageCardsWhite.png[/img]
Ak Lejyon'un temel oynanÄ±ÅŸ biÃ§imi ve kombolarÄ± birden Ã§ok birimi hedef alabilen Ã§eÅŸitli [b]iyileÅŸtirme ve kalkan bÃ¼yÃ¼leri[/b] iÃ§erir. DÃ¼ÅŸmanlarÄ±nÄ± [b]sayÄ±ca Ã¼stÃ¼n okÃ§u ve ÅŸÃ¶valye birimlerinle[/b] alt et ve askerlerini savaÅŸÄ±n son dakikasÄ±na kadar hayatta tutarak savaÅŸÄ±n seyrini deÄŸiÅŸtir.


[img]{STEAM_APP_IMAGE}/extras/colorless.png[/img]
[i]""Ã‡oktan unutulmuÅŸ yadigarlardaki eski efsaneleri uyandÄ±r ve efsanevi gÃ¼cÃ¼ kuÅŸanarak dÃ¼ÅŸmanlarÄ±nÄ± darmadaÄŸÄ±n et!""[/i]

[img]{STEAM_APP_IMAGE}/extras/SteamPageCardsColorless.png[/img]
Kristal Lejyon'un temel oynanÄ±ÅŸ mekanikleri ve kombolarÄ±, sen savaÅŸ alanÄ±n kontrolÃ¼nÃ¼ [b]gÃ¼Ã§lÃ¼ golemler ve kadim bÃ¼yÃ¼lerle[/b] ele geÃ§irirken, Ã§eÅŸitli [b]destekleme ve dengeleme yeteneklerini[/b] kullanmanÄ± gerektirir.


[h2]Oyun ""Ã¶deyerek kazanma"" iÃ§erir mi?[/h2]
Oyun aÃ§Ä±klÄ±kla ""Ã¶deyerek kazanma"" iÃ§ermez. Oyun iÃ§i para birimiyle herhangi bir kartÄ± aÃ§abilirsiniz. Ä°ÅŸ modelimiz bedaya oynamak ve Ã¶deyerek daha hÄ±zlÄ± ilerlemek Ã¼zerinedir, gerÃ§ek parayla alÄ±nabilen tek ÅŸey SADECE  oyunu desteklemek adÄ±na satÄ±lan kostÃ¼mlerdir.

[h2]SeÃ§kin ÅŸeylere ulaÅŸabileceÄŸim gizli bir yÃ¶ntem var mÄ±?[/h2]
Kesinlikle, ÅŸu anda oyuniÃ§i maÄŸazadan alabileceÄŸin sÄ±rlardan bir tanesini buldun bile: [b]XR0F-7ST3-4MC0-MMUN-1TYX[/b] ğŸŠ
[img]{STEAM_APP_IMAGE}/extras/SteamPageSecret.png[/img]";"";"[img]{STEAM_APP_IMAGE}/extras/SteamPage.gif[/img]

UÅ¾Ã­vej rychlou, snadno pochopitelnou tug-of-war- strategii. Hybrid MOBY, TD a sklÃ¡dÃ¡nÃ­ balÃ­ÄkÅ¯. Hrej sÃ¡m, nebo s pÅ™Ã­telem pro co-op nebo 2v2, sbÃ­rej karty, sklÃ¡dej balÃ­Äky a rozdrÅ¥ svÃ© nepÅ™Ã­tele!

[h2]KlÃ­ÄovÃ© vlastnosti:[/h2]
[list]
[*]PlnÄ› free-to-play
[*]KrÃ¡tkÃ©, intenzivnÃ­ 1v1, 2v2 a Co-Op zÃ¡pasy
[*]SklÃ¡dÃ¡nÃ­ balÃ­ÄkÅ¯
[*]PvE-vÃ½zvy
[*]PÄ›t hratelnÃ½ch LegiÃ­
[*]DvojbarevnÃ© balÃ­Äky
[/list]

[img]{STEAM_APP_IMAGE}/extras/blue.png[/img]
[i]""Sestav mocnÃ© stroje a proraz skrz kteroukoli obranu. Generuj energii a zhmotni se za nepÅ™Ã¡telskou liniÃ­!""[/i]

[img]{STEAM_APP_IMAGE}/extras/SteamPageCardsBlue.png[/img]
HlavnÃ­ mechanika ModrÃ© Legie obsahuje kombinaci [b]energie a budov[/b], kterÃ© mÅ¯Å¾ou bÃ½t pouÅ¾ity pro sloÅ¾itÃ© kombinace. BraÅˆ se se silnou obrannou liniÃ­, potÃ© ji pÅ™esuÅˆ takÅ¾e se stane ÃºtoÄnou liniÃ­. KaÅ¾dÃ© kouzlo posÃ­lÃ­ tvÃ© jednotky a umoÅ¾nÃ­ jim pouÅ¾Ã­t mocnÃ© schopnosti.


[img]{STEAM_APP_IMAGE}/extras/Green.png[/img]
[i]""VeÄ armÃ¡du Å¾ivÃ½ch rostlin a starovÄ›kÃ½ch stromÅ¯. ZakoÅ™eÅˆ svÃ© nepÅ™Ã¡tele a utop je zÃ¡plavou sazanic. Nech je vyvinout aby se stali silnÄ›jÅ¡Ã­mi."" [/i]

[img]{STEAM_APP_IMAGE}/extras/SteamPageCardsGreen.png[/img] 
HlavnÃ­ mechanika a kombinace ZelenÃ© legie obsahuje rÅ¯znÃ© [b]regeneraÄnÃ­[/b] efekty, [b]zakoÅ™eÅˆ[/b] svÃ© nepÅ™Ã¡tele na mÃ­stÄ› a v neposlednÃ­ Å™adÄ›, [b]hordy Sazenic[/b] kterÃ© je moÅ¾nÃ½ vyvinout na mocnÃ© stvoÅ™enÃ­.  


[img]{STEAM_APP_IMAGE}/extras/Black.png[/img]
[i]""Zmraz svÃ© nepÅ™Ã¡tele a vysaj jejich Å¾ivot. StvoÅ™enÃ­ z prÃ¡zdnoty sbÃ­rajÃ­ duÅ¡e pro vyvolÃ¡nÃ­ zlovÄ›stnÃ½ch schopnostÃ­ na jejich nepÅ™Ã¡tele.""[/i]

[img]{STEAM_APP_IMAGE}/extras/SteamPageCardsBlack.png[/img]
HlavnÃ­ mechanika a kombinace ÄŒernÃ© Legie obsahuje rÅ¯znÃ© [b]mrazivÃ© kouzla a schopnosti[/b], stejnÄ› jako sbÃ­rÃ¡nÃ­ duÅ¡Ã­ jednotek protivnÃ­kÅ¯ pro [b] aktivovÃ¡nÃ­ mocnÃ½ch pasivnÃ­ch schopnostÃ­[/b].


[img]{STEAM_APP_IMAGE}/extras/white.png[/img]
[i]""VeÄ posvÃ¡tnÃ© lukostÅ™elce a zÃ¡Å™ivÃ© rytÃ­Å™e doprovÃ¡zenÃ© sÃ­ly andÄ›lÅ¯. Pozvedni Å¡tÃ­ty a zÅ¯staÅˆ silnÃ½!""[/i]

[img]{STEAM_APP_IMAGE}/extras/SteamPageCardsWhite.png[/img]
HlavnÃ­ mechanika a kombinace BÃ­lÃ© Legie obsahuje rÅ¯znÃ© [b]uzdravovachÃ­ a obrannÃ© kouzla[/b] kterÃ© mohou ovlivnit vÃ­ce jednotek souÄasnÄ›. PÅ™emoÅ¾ soupeÅ™e [b]oddÃ­ly lukostÅ™elcÅ¯ a rytÃ­Å™Å¯[/b] a nech je pÅ™eÅ¾Ã­t aÅ¾ do poslednÃ­ minuty pro otoÄenÃ­ toku bitvy.


[img]{STEAM_APP_IMAGE}/extras/colorless.png[/img]
[i]""ProbuÄ starovÄ›kÃ© legendy dÃ¡vno zapomenutÃ½ch artefaktÅ¯ a zÃ­skej legendÃ¡rnÃ­ sÃ­ly na rozdrcenÃ­ svÃ½ch nepÅ™Ã¡tel!""[/i]

[img]{STEAM_APP_IMAGE}/extras/SteamPageCardsColorless.png[/img]
HlavnÃ­ mechanika a kombinace Legie CrystalÅ¯ obsahuje [b]podpÅ¯rnÃ© a stabilizaÄnÃ­ schopnosti[/b], mezitÃ­m ovlÃ¡dneÅ¡ bitevnÃ­ pole s   [b]mocnÃ½mi golemy a starovÄ›kÃ½mi kouzly.[/b]


[h2]Je hra Pay-to-win?[/h2]
Hra explicitnÄ› nenÃ­ pay-to-win. MÅ¯Å¾eÅ¡ odemknout vÅ¡echny karty ve hÅ™e za hernÃ­ mÄ›nu. NÃ¡Å¡ model je F2P a ""plaÅ¥ za rychlejÅ¡Ã­ pokrok"", jedinÃ¡ vÄ›c kterou je moÅ¾nÃ© kupovat za penÃ­ze jsou novÃ© vzhledy, pro podpoÅ™enÃ­ hry.

[h2]Jsou zde nÄ›jakÃ© skrytÃ© poklady s exlusivnÃ­mi odmÄ›nami?[/h2]
UrÄitÄ›, prÃ¡vÄ› jsi naÅ¡el jeden z osmi pokladÅ¯, pro vyzvednutÃ­ odmÄ›ny zadej kÃ³d v hernÃ­m obchodÄ›: [b]XR0F-7ST3-4MC0-MMUN-1TYX[/b] ğŸŠ";"[img]{STEAM_APP_IMAGE}/extras/SteamPage.gif[/img]

Î‘Ï€ÏŒÎ»Î±Ï…ÏƒÎµ Î³Î¿ÏÎ³Î­Ï‚ ÎºÎ±Î¹ ÎµÏÎºÎ¿Î»ÎµÏ‚ ÏƒÏ„ÏÎ±Ï„Î·Î³Î¹ÎºÎ­Ï‚. ÎˆÎ½Î± Ï…Î²ÏÎ¯Î´Î¹Î¿ Ï„Ï‰Î½ MOBA, Ï…Ï€ÎµÏÎ¬ÏƒÏ€Î¹ÏƒÎ·Ï‚ Ï€ÏÏÎ³Ï‰Î½ ÎºÎ±Î¹ ÏƒÏ…Î»Î»Î¿Î³Î®Ï‚ ÎºÎ±ÏÏ„ÏÎ½. Î Î±Î¯Î¾Îµ Î¼ÏŒÎ½Î¿Ï‚ Î® Ï€ÏÎ¿ÏƒÎºÎ¬Î»ÎµÏƒÎµ Ï†Î¯Î»Î¿Ï…Ï‚, Î¼Î¬Î¶ÎµÏˆÎµ ÎºÎ¬ÏÏ„ÎµÏ‚, Î´Î·Î¼Î¹Î¿ÏÏÎ³Î·ÏƒÎµ Ï„Î·Î½ Ï„ÏÎ¬Ï€Î¿Ï…Î»Î¬ ÏƒÎ¿Ï… ÎºÎ±Î¹ ÏƒÏÎ½Ï„ÏÎ¹ÏˆÎµ Ï„Î¿Ï…Ï‚ ÎµÏ‡Î¸ÏÎ¿ÏÏ‚ ÏƒÎ¿Ï…!

[h2]ÎšÏÏÎ¹Î± Ï‡Î±ÏÎ±ÎºÏ„Î·ÏÎ¹ÏƒÏ„Î¹ÎºÎ¬:[/h2]
[list]
[*]Î•Î½Ï„ÎµÎ»ÏÏ‚ Î´Ï‰ÏÎµÎ¬Î½ Ï€Î±Î¹Ï‡Î½Î¯Î´Î¹
[*]Î“ÏÎ®Î³Î¿ÏÎ±, Î­Î½Ï„Î¿Î½Î± 1Îµ1, 2Îµ2 ÎºÎ±Î¹ ÏƒÏ…Î½ÎµÏÎ³Î±Ï„Î¹ÎºÎ¬ Î¼Î±Ï„Ï‚
[*]Î”Î·Î¼Î¹Î¿Ï…ÏÎ³Î¯Î± Ï„ÏÎ¬Ï€Î¿Ï…Î»Î±Ï‚
[*]Î ÏÎ¿ÎºÎ»Î®ÏƒÎµÎ¹Ï‚ Ï€Î±Î¯ÎºÏ„Î· ÎµÎ½Î±Î½Ï„Î¯Î¿Î½ Ï€ÎµÏÎ¹Î²Î¬Î»Î»Î¿Î½Ï„Î¿Ï‚
[*]Î Î­Î½Ï„Îµ Î´Î¹Î±Î¸Î­ÏƒÎ¹Î¼ÎµÏ‚ Î›ÎµÎ³ÎµÏÎ½ÎµÏ‚
[*]Î”Î¯Ï‡ÏÏ‰Î¼ÎµÏ‚ Ï„ÏÎ¬Ï€Î¿Ï…Î»ÎµÏ‚
[/list]

[img]{STEAM_APP_IMAGE}/extras/blue.png[/img]
[i]Â«Î£Ï…Î³ÎºÎ­Î½Ï„ÏÏ‰ÏƒÎµ Ï€Î±Î½Î¯ÏƒÏ‡Ï…ÏÎµÏ‚ Î¼Î·Ï‡Î±Î½Î­Ï‚ ÎºÎ±Î¹ Ï€Î±ÏÎ±Î²Î¯Î±ÏƒÎµ ÎºÎ¬Î¸Îµ Î¬Î¼Ï…Î½Î±. Î Î±ÏÎ¬Î³Î±Î³Îµ ÎµÎ½Î­ÏÎ³ÎµÎ¹Î± ÎºÎ¹ ÎµÎ¼Ï†Î±Î½Î¯ÏƒÎ¿Ï… Î¼Ï€ÏÎ¿ÏƒÏ„Î¬ ÏƒÏ„Î¹Ï‚ ÎµÏ‡Î¸ÏÎ¹ÎºÎ­Ï‚ Ï€Î±ÏÎ±Ï„Î¬Î¾ÎµÎ¹Ï‚!Â»[/i]

[img]{STEAM_APP_IMAGE}/extras/SteamPageCardsBlue.png[/img]
ÎŸÎ¹ ÎºÏÏÎ¹Î¿Î¹ Î¼Î·Ï‡Î±Î½Î¹ÏƒÎ¼Î¿Î¯ Ï„Î·Ï‚ ÎœÏ€Î»Îµ Î›ÎµÎ³ÎµÏÎ½Î±Ï‚ Î±Î½Î±Î´ÎµÎ¹ÎºÎ½ÏÎ¿Ï…Î½ Î¼Î¹Î± Ï€Î¿Î¹ÎºÎ¹Î»Î¯Î± [b]ÎºÏ„Î¹ÏÎ¯Ï‰Î½ ÎºÎ±Î¹ ÎµÏ†Î­ ÎµÎ½ÎµÏÎ³ÎµÎ¹ÏÎ½[/b] Ï€Î¿Ï… Î¼Ï€Î¿ÏÎ¿ÏÎ½ Î½Î± Ï‡ÏÎ·ÏƒÎ¹Î¼Î¿Ï€Î¿Î¹Î·Î¸Î¿ÏÎ½ Î³Î¹Î± Î²Î±ÏÎ¹Î¬ ÎºÏŒÎ¼Ï€Î¿. Î‘Î¼ÏÎ½ÏƒÎ¿Ï… Ï€ÏÏÏ„Î± Î¼Îµ Î¼Î¹Î± Î´Ï…Î½Î±Ï„Î® Î±Î¼Ï…Î½Ï„Î¹ÎºÎ® Ï€Î±ÏÎ¬Ï„Î±Î¾Î·, ÎºÎ¹ ÏÏƒÏ„ÎµÏÎ± ÏƒÏ„ÎµÎ¯Î»' Ï„Î· Î½Î± ÎºÎ±Ï„Î±Ï„ÏÎ¿Ï€ÏÏƒÎµÎ¹ Ï„Î¿Ï…Ï‚ ÎµÏ‡Î¸ÏÎ¿ÏÏ‚. ÎšÎ¬Î¸Îµ Î¾ÏŒÏÎºÎ¹ ÏƒÎ¿Ï… ÎµÎ½Î´Ï…Î½Î±Î¼ÏÎ½ÎµÎ¹ Ï„Î± ÏƒÏ„ÏÎ±Ï„ÎµÏÎ¼Î±Ï„Î¬ ÏƒÎ¿Ï…, ÎµÏ€Î¹Ï„ÏÎ­Ï€Î¿Î½Ï„Î¬Ï‚ Ï„Î± Î½Î± ÎµÎ¾Î±Ï€Î¿Î»ÏÏƒÎ¿Ï…Î½ Ï€Î±Î½Ï„Î¿Î´ÏÎ½Î±Î¼ÎµÏ‚ Î¹ÎºÎ±Î½ÏŒÏ„Î·Ï„ÎµÏ‚.


[img]{STEAM_APP_IMAGE}/extras/Green.png[/img]
[i]Â«Î—Î³Î®ÏƒÎ¿Ï… ÎµÎ½ÏŒÏ‚ ÏƒÏ„ÏÎ±Ï„Î¿Ï Î¶Ï‰Î½Ï„Î±Î½ÏÎ½ Ï†Ï…Ï„ÏÎ½ ÎºÎ±Î¹ Î±ÏÏ‡Î±Î¯Ï‰Î½ Î´Î­Î½Ï„ÏÏ‰Î½ ÏƒÏ„Î· Î¼Î¬Ï‡Î·. Î¡Î¯Î¶Ï‰ÏƒÎµ Ï„Î¿Ï…Ï‚ ÎµÏ‡Î¸ÏÎ¿ÏÏ‚ ÎºÎ±Î¹ Ï€Î½Î¯Î¾' Ï„Î¿Ï…Ï‚ ÏƒÎµ Î¼Î¹Î± Ï€Î»Î·Î¼Î¼ÏÏÎ± Î´ÎµÎ½Î´ÏÏ…Î»Î»Î¯Ï‰Î½. Î•Î¾Î­Î»Î¹Î¾Î­ Ï„Î± Î³Î¹Î± Î½Î± ÎµÎ½Î¹ÏƒÏ‡Ï…Î¸Î¿ÏÎ½.Â»[/i]

[img]{STEAM_APP_IMAGE}/extras/SteamPageCardsGreen.png[/img]ÎŸÎ¹ ÎºÏÏÎ¹Î¿Î¹ Î¼Î·Ï‡Î±Î½Î¹ÏƒÎ¼Î¿Î¯ Ï„Î·Ï‚ Î ÏÎ¬ÏƒÎ¹Î½Î·Ï‚ Î›ÎµÎ³ÎµÏÎ½Î±Ï‚ Î±Î½Î±Î´ÎµÎ¹ÎºÎ½ÏÎ¿Ï…Î½ Î¼Î¹Î± Ï€Î¿Î¹ÎºÎ¹Î»Î¯Î± [b]Î¸ÎµÏÎ±Ï€ÎµÏ…Ï„Î¹ÎºÏÎ½[/b] ÎµÏ†Î­, [b]ÏÎ¹Î¶ÏÎ¼Î±Ï„Î¿Ï‚[/b] Ï„Ï‰Î½ ÎµÏ‡Î¸ÏÏÎ½ ÎºÎ±Î¹ Ï„Î­Î»Î¿Ï‚, [b]Î¿ÏÎ´Î­Ï‚ Î”ÎµÎ½Î´ÏÏ…Î»Î»Î¯Ï‰Î½[/b] Ï€Î¿Ï… Î¼Ï€Î¿ÏÎ¿ÏÎ½ Î½Î± ÎµÎ¾ÎµÎ»Î¹Ï‡Ï„Î¿ÏÎ½ ÏƒÎµ Ï€Î±Î½Î¯ÏƒÏ‡Ï…ÏÎ± Ï€Î»Î¬ÏƒÎ¼Î±Ï„Î±.


[img]{STEAM_APP_IMAGE}/extras/Black.png[/img]
[i]Â«Î Î¬Î³Ï‰ÏƒÎµ Ï„Î¿Ï…Ï‚ ÎµÏ‡Î¸ÏÎ¿ÏÏ‚ ÎºÎ±Î¹ Î¬Î´ÏÎ±Î¾Îµ Ï„Î· Î¶Ï‰Î® Ï„Î¿Ï…Ï‚. Î Î»Î¬ÏƒÎ¼Î±Ï„Î± Î±Ï€ÏŒ Ï„Î¿ ÎºÎµÎ½ÏŒ Î¼Î±Î¶ÎµÏÎ¿Ï…Î½ Ï„Î¹Ï‚ ÏˆÏ…Ï‡Î­Ï‚, Î³Î¹Î± Î½Î± ÎµÎ¾Î±ÎºÎ¿Î½Ï„Î¯ÏƒÎ¿Ï…Î½ ÎºÎ±Ï„Î±Ï‡Î¸ÏŒÎ½Î¹ÎµÏ‚ Î¹ÎºÎ±Î½ÏŒÏ„Î·Ï„ÎµÏ‚ ÎºÎ±Ï„Î±Ï€Î¬Î½Ï‰ ÏƒÏ„Î¿Ï…Ï‚ Î±Î½Ï„Î¹Ï€Î¬Î»Î¿Ï…Ï‚.Â»[/i]

[img]{STEAM_APP_IMAGE}/extras/SteamPageCardsBlack.png[/img]
ÎŸÎ¹ ÎºÏÏÎ¹Î¿Î¹ Î¼Î·Ï‡Î±Î½Î¹ÏƒÎ¼Î¿Î¯ Ï„Î·Ï‚ ÎœÎ±ÏÏÎ·Ï‚ Î›ÎµÎ³ÎµÏÎ½Î±Ï‚ Î±Î½Î±Î´ÎµÎ¹ÎºÎ½ÏÎ¿Ï…Î½ Î¼Î¹Î± Ï€Î¿Î¹ÎºÎ¹Î»Î¯Î± [b]Ï€Î±Î³Ï‰Î¼Î­Î½Ï‰Î½ Î¾Î¿ÏÎºÎ¹ÏÎ½ ÎºÎ±Î¹ Î¹ÎºÎ±Î½Î¿Ï„Î®Ï„Ï‰Î½[/b], ÎºÎ±Î¸ÏÏ‚ ÎºÎ±Î¹ Î±Ï†Î±Î¹ÏÎ­ÏƒÎµÎ¹Ï‚ Ï„Ï‰Î½ ÏˆÏ…Ï‡ÏÎ½ Î±Ï€ÏŒ Ï„Î¿Ï…Ï‚ ÎµÏ‡Î¸ÏÎ¿ÏÏ‚, ÏÏƒÏ„Îµ Î½Î± [b]Ï€Ï…ÏÎ¿Î´Î¿Ï„Î·Î¸Î¿ÏÎ½ Î¹ÏƒÏ‡Ï…ÏÎ­Ï‚ Ï€Î±Î¸Î·Ï„Î¹ÎºÎ­Ï‚ Î¹ÎºÎ±Î½ÏŒÏ„Î·Ï„ÎµÏ‚[/b].


[img]{STEAM_APP_IMAGE}/extras/white.png[/img]
[i]Â«Î”Î¹Î¿Î¯ÎºÎ·ÏƒÎµ Î¹ÎµÏÎ¿ÏÏ‚ Ï„Î¿Î¾ÏŒÏ„ÎµÏ‚ ÎºÎ±Î¹ Î»Î±Î¼Ï€ÎµÏÎ¿ÏÏ‚ Î¹Ï€Ï€ÏŒÏ„ÎµÏ‚ ÏƒÏ…Î½Î¿Î´ÎµÏ…ÏŒÎ¼ÎµÎ½Î¿Ï…Ï‚ Î±Ï€ÏŒ Î±Î³Î³ÎµÎ»Î¹ÎºÎ­Ï‚ Î´Ï…Î½Î¬Î¼ÎµÎ¹Ï‚. ÎÏˆÏ‰ÏƒÎµ Ï„Î¹Ï‚ Î±ÏƒÏ€Î¯Î´ÎµÏ‚ ÏƒÎ¿Ï… ÎºÎ±Î¹ ÏƒÏ„Î¬ÏƒÎ¿Ï… ÏƒÏ„Î¿ ÏÏˆÎ¿Ï‚ ÏƒÎ¿Ï…!Â»[/i]

[img]{STEAM_APP_IMAGE}/extras/SteamPageCardsWhite.png[/img]
ÎŸÎ¹ ÎºÏÏÎ¹Î¿Î¹ Î¼Î·Ï‡Î±Î½Î¹ÏƒÎ¼Î¿Î¯ Ï„Î·Ï‚ Î›ÎµÏ…ÎºÎ®Ï‚ Î›ÎµÎ³ÎµÏÎ½Î±Ï‚ Î±Î½Î±Î´ÎµÎ¹ÎºÎ½ÏÎ¿Ï…Î½ Î¼Î¹Î± Ï€Î¿Î¹ÎºÎ¹Î»Î¯Î± [b]Î¸ÎµÏÎ±Ï€ÎµÏ…Ï„Î¹ÎºÏÎ½ ÎºÎ±Î¹ Ï€ÏÎ¿ÏƒÏ„Î±Ï„ÎµÏ…Ï„Î¹ÎºÏÎ½ Î¾Î¿ÏÎºÎ¹ÏÎ½[/b] Ï€Î¿Ï… Î¼Ï€Î¿ÏÎ¿ÏÎ½ Î½Î± Î±Ï€ÎµÏ…Î¸Ï…Î½Î¸Î¿ÏÎ½ ÏƒÎµ Ï€Î¿Î»Î»Î­Ï‚ Î¼Î¿Î½Î¬Î´ÎµÏ‚ Ï„Î·Î½ Î¯Î´Î¹Î± ÏƒÏ„Î¹Î³Î¼Î®. Î¥Ï€ÎµÏÎ¯ÏƒÏ‡Ï…ÏƒÎµ Ï„Î¿Ï… ÎµÏ‡Î¸ÏÎ¿Ï Î¼Îµ [b]Ï€Î»Î®Î¸Î· Ï„Î¿Î¾Î¿Ï„ÏÎ½ ÎºÎ±Î¹ Î¹Ï€Ï€Î¿Ï„ÏÎ½[/b] ÎºÎ±Î¹ Î²Î¿Î®Î¸Î·ÏƒÎ­ Ï„Î¿Ï…Ï‚ Î½Î± ÎµÏ€Î¹Î²Î¹ÏÏƒÎ¿Ï…Î½, Î³Î¹Î± Î½Î± Î³Ï…ÏÎ¯ÏƒÎµÎ¹Ï‚ Ï„Î¿Î½ Ï„ÏÎ¿Ï‡ÏŒ Ï„Î¿ Ï„ÎµÎ»ÎµÏ…Ï„Î±Î¯Î¿ Î»ÎµÏ€Ï„ÏŒ.


[img]{STEAM_APP_IMAGE}/extras/colorless.png[/img]
[i]Â«Î‘Ï†ÏÏ€Î½Î·ÏƒÎµ Ï„Î¿Ï…Ï‚ Î±ÏÏ‡Î±Î¯Î¿Ï…Ï‚ Î¸ÏÏÎ»Î¿Ï…Ï‚ Ï„Ï‰Î½ Î¾ÎµÏ‡Î±ÏƒÎ¼Î­Î½Ï‰Î½ Ï„Î­Ï‡Î½ÎµÏÎ³Ï‰Î½ ÎºÎ±Î¹ Î¬Î´ÏÎ±Î¾Îµ Ï„Î· Î¼Ï…Î¸Î¹ÎºÎ® Î´ÏÎ½Î±Î¼Î·, Î³Î¹Î± Î½Î± ÎµÎ¾Î±Î»ÎµÎ¯ÏˆÎµÎ¹Ï‚ Ï„Î¿Ï…Ï‚ ÎµÏ‡Î¸ÏÎ¿ÏÏ‚ ÏƒÎ¿Ï…!Â»[/i]

[img]{STEAM_APP_IMAGE}/extras/SteamPageCardsColorless.png[/img]
ÎŸÎ¹ ÎºÏÏÎ¹Î¿Î¹ Î¼Î·Ï‡Î±Î½Î¹ÏƒÎ¼Î¿Î¯ Ï„Î®Ï‚ ÎšÏÏ…ÏƒÏ„Î¬Î»Î»Î¹Î½Î·Ï‚ Î›ÎµÎ³ÎµÏÎ½Î±Ï‚ Î±Î½Î±Î´ÎµÎ¹ÎºÎ½ÏÎ¿Ï…Î½ Î¼Î¹Î± Ï€Î¿Î¹ÎºÎ¹Î»Î¯Î± [b]Ï…Ï€Î¿ÏƒÏ„Î·ÏÎ¹ÎºÏ„Î¹ÎºÏÎ½ ÎºÎ±Î¹ ÏƒÏ„Î±Î¸ÎµÏÎ¿Ï€Î¿Î¹Î·Ï„Î¹ÎºÏÎ½ Î¹ÎºÎ±Î½Î¿Ï„Î®Ï„Ï‰Î½[/b], ÎºÎ±Î¸ÏŒÏƒÎ¿ Î»Î±Î¼Î²Î¬Î½ÎµÎ¹Ï‚ Ï„Î¿Î½ Î­Î»ÎµÎ³Ï‡Î¿ Ï„Î¿Ï… Ï€ÎµÎ´Î¯Î¿Ï… Î¼Î¬Ï‡Î·Ï‚ Î¼Îµ [b]Î¹ÏƒÏ‡Ï…ÏÎ¬ Î³ÎºÏŒÎ»ÎµÎ¼ ÎºÎ±Î¹ Î±ÏÏ‡Î±Î¯Î± Î¾ÏŒÏÎºÎ¹Î±.[/b]


[h2] Î•Î¯Î½Î±Î¹ Ï„Î¿ Ï€Î±Î¹Ï‡Î½Î¯Î´Î¹ Â«Ï€Î»Î®ÏÏ‰ÏƒÎµ-ÎºÎ­ÏÎ´Î¹ÏƒÎµ;Â»[/h2]
Î¤Î¿ Ï€Î±Î¹Ï‡Î½Î¯Î´Î¹ ÏÎ·Ï„ÏÏ‚ Î´ÎµÎ½ ÎµÎ¯Î½Î±Î¹ Â«Ï€Î»Î®ÏÏ‰ÏƒÎµ-ÎºÎ­ÏÎ´Î¹ÏƒÎµÂ». ÎœÏ€Î¿ÏÎµÎ¯Ï‚ Î½Î± Î¾ÎµÎºÎ»ÎµÎ¹Î´ÏÏƒÎµÎ¹Ï‚ Î¿Ï€Î¿Î¹Î±Î´Î®Ï€Î¿Ï„Îµ ÎºÎ¬ÏÏ„Î± ÏƒÏ„Î¿ Ï€Î±Î¹Ï‡Î½Î¯Î´Î¹ Î¼Îµ Ï‡ÏÎ®Î¼Î±Ï„Î± Ï„Î¿Ï… Ï€Î±Î¹Ï‡Î½Î¹Î´Î¹Î¿Ï. Î¤Î¿ ÎµÏ€Î¹Ï‡ÎµÎ¹ÏÎ¹ÏƒÎ¹Î±ÎºÏŒ Î¼Î±Ï‚ Î¼Î¿Î½Ï„Î­Î»Î¿ ÎµÎ¯Î½Î±Î¹ Â«Ï€Î±Î¯Î¶Îµ Î´Ï‰ÏÎµÎ¬Î½Â» ÎºÎ±Î¹ Â«Ï€Î»Î®ÏÏ‰ÏƒÎµ Î³Î¹Î± Î½Î± Ï€ÏÎ¿Ï‡Ï‰ÏÎ®ÏƒÎµÎ¹Ï‚ Î³ÏÎ·Î³Î¿ÏÏŒÏ„ÎµÏÎ±Â». Î¤Î± ÎœÎŸÎÎ‘ Ï€ÏÎ¬Î³Î¼Î±Ï„Î± Ï€Î¿Ï… Î¼Ï€Î¿ÏÎ¿ÏÎ½ Î½Î± Î±Î³Î¿ÏÎ±ÏƒÏ„Î¿ÏÎ½ Î¼Îµ Ï€ÏÎ±Î³Î¼Î±Ï„Î¹ÎºÎ¬ Ï‡ÏÎ·Î¼Î±Ï„Î± ÎµÎ¯Î½Î±Î¹ Î¿Î¹ ÎµÎ¼Ï†Î±Î½Î¯ÏƒÎµÎ¹Ï‚, Î³Î¹Î± Î½Î± Î²Î¿Î·Î¸Î®ÏƒÎ¿Ï…Î½ Î½Î± Ï…Ï€Î¿ÏƒÏ„Î·ÏÎ¹Ï‡Ï„ÎµÎ¯ Ï„Î¿ Ï€Î±Î¹Ï‡Î½Î¯Î´Î¹.

[h2]Î¥Ï€Î¬ÏÏ‡Î¿Ï…Î½ Ï„Î¯Ï€Î¿Ï„Îµ Î¼Ï…ÏƒÏ„Î¹ÎºÎ¬ Î¼Îµ Î±Ï€Î¿ÎºÎ»ÎµÎ¹ÏƒÏ„Î¹ÎºÎ¬ Î´ÏÏÎ±;[/h2]
Î’ÎµÎ²Î±Î¯Ï‰Ï‚, Î¼ÏŒÎ»Î¹Ï‚ Î²ÏÎ®ÎºÎµÏ‚ Î­Î½Î± Î±Ï€ÏŒ Ï„Î± Î¿Ï‡Ï„Ï Î¼Ï…ÏƒÏ„Î¹ÎºÎ¬, Ï€Î¿Ï… Î¼Ï€Î¿ÏÎµÎ¯Ï‚ Î½Î± Ï„Î¿ ÎºÎµÏÎ´Î¯ÏƒÎµÎ¹Ï‚ ÏƒÏ„Î¿ ÎºÎ±Ï„Î¬ÏƒÏ„Î·Î¼Î± Ï„Î¿Ï… Ï€Î±Î¹Ï‡Î½Î¹Î´Î¹Î¿Ï: [b]XR0F-7ST3-4MC0-MMUN-1TYX[/b] ğŸŠ
[img]{STEAM_APP_IMAGE}/extras/SteamPageSecret.png[/img]";"";"";"[img]{STEAM_APP_IMAGE}/extras/SteamPage.gif[/img]

BucuraÈ›i-vÄƒ de o strategie rapidÄƒ de rÄƒzboi, uÈ™or de ales. Un hibrid de MOBA, turnul de apÄƒrare È™i construcÈ›ia punÈ›ilor. JoacÄƒ singur sau adu-ti un prieten pentru co-op sau 2v2, colecteazÄƒ cÄƒrÈ›i, construieÈ™te-È›i puntea È™i zdrobeÈ™te-È›i duÈ™manii!

[h2]Caracteristici cheie:[/h2]
[list]
[*]Complet gratuit pentru a juca
[*]Meciuri scurte, intense 1v1, 2v2 È™i Co-Op
[*]Construire turnuri
[*]ProvocÄƒri PvE
[*]Cinci legiuni jucabile
[*]PunÈ›i cu douÄƒ culori
[/list]

[img]{STEAM_APP_IMAGE}/extras/blue.png[/img]
[i]""AsamblaÈ›i maÈ™ini puternice È™i sparge-È›i orice apÄƒrare. GeneraÈ›i energie È™i materializaÈ›i-vÄƒ Ã®n spatele liniilor inamice!""[/i]

[img]{STEAM_APP_IMAGE}/extras/SteamPageCardsBlue.png[/img]
Mecanismul principalÄƒ de joc al Legiunii Albastre oferÄƒ o varietate de [b]efecte energetice È™i clÄƒdiri [/b] care pot fi utilizate pentru combo-uri grele. ApÄƒrÄƒ-te cu o linie defensivÄƒ puternicÄƒ, apoi teleporteazÄƒ-l cÄƒtre inamic, astfel Ã®ncÃ¢t sÄƒ devinÄƒ linia ta de atac. Fiecare vraja pe care o arunci Ã®È›i dÄƒ putere trupelor, permiÈ›Ã¢ndu-le sÄƒ dezlÄƒnÈ›uie abilitÄƒÈ›i puternice.


[img]{STEAM_APP_IMAGE}/extras/Green.png[/img]
[i]""ConduceÈ›i Ã®n luptÄƒ o armatÄƒ de plante vii È™i copaci antici. ÃnrÄƒdÄƒcinaÈ›i-vÄƒ vrÄƒjmaÈ™ii È™i Ã®necaÈ›i-i Ã®ntr-un potop de puieÈ›i. EvolueazÄƒ-i sÄƒ devinÄƒ mai puternici."" [/i]

[img]{STEAM_APP_IMAGE}/extras/SteamPageCardsGreen.png[/img] 
Mecanismul principalÄƒ de joc È™i combo-ul Legiunii Verzi prezintÄƒ o varietate de efecte [b]vindecare Ã®n timp [/b] efecte,[b] Ã®nrÄƒdÄƒcinarea [/b] a vrÄƒjmaÈ™ilor Ã®n loc È™i nu Ã®n ultimul rÃ¢nd, [b]hoarde de puieÈ›i. [/b] care pot fi evoluate Ã®n creaturi puternice.


[img]{STEAM_APP_IMAGE}/extras/Black.png[/img]
[i]""ÃngheÈ›aÈ›i-vÄƒ duÈ™manii È™i drenaÈ›i-i viaÈ›a. Creaturile din gol adunÄƒ suflete pentru a dezlÄƒnÈ›ui abilitÄƒÈ›i sinistre asupra duÈ™manilor lor.""[/i]

[img]{STEAM_APP_IMAGE}/extras/SteamPageCardsBlack.png[/img]
Mecanismul principalÄƒ de joc È™i combo-ull Legiunii Negre oferÄƒ o varietate de [b]vrÄƒji È™i abilitÄƒÈ›i de Ã®ngheÈ›are [/b], precum È™i smulgerea sufletelor unitÄƒÈ›ilor inamice pentru a[b] declanÈ™a abilitÄƒÈ›i pasive puternice.[/b].


[img]{STEAM_APP_IMAGE}/extras/white.png[/img]
[i]""ComandaÈ›i arcaÈ™ii sacri È™i cavalerii strÄƒlucitori Ã®nsoÈ›iÈ›i de forÈ›e angelice. RidicÄƒ scuturile È™i stai puternic!""[/i]

[img]{STEAM_APP_IMAGE}/extras/SteamPageCardsWhite.png[/img]
Mecanismul principalÄƒ de joc È™i combo-ul din Legiunea AlbÄƒ prezintÄƒ o varietate de vrÄƒji [b] de vindecare È™i ecranare [/b] care pot fi direcÈ›ionate cÄƒtre mai multe unitÄƒÈ›i simultan. DepÄƒÈ™eÈ™te-È›i adversarul cu [b] mase de arcaÈ™i È™i cavaleri [/b] È™i fÄƒ-i sÄƒ supravieÈ›uiascÄƒ pÃ¢nÄƒ Ã®n ultima clipÄƒ pentru a transforma valul de luptÄƒ.


[img]{STEAM_APP_IMAGE}/extras/colorless.png[/img]
[i]""TreziÈ›i-vÄƒ legendele strÄƒvechi ale artefactelor uitate de mult È™i revendicaÈ›i puterea de a vÄƒ elimina duÈ™manii!""[/i]

[img]{STEAM_APP_IMAGE}/extras/SteamPageCardsColorless.png[/img]
Principalele mecanisme È™i combo-uri ale jocului Legiunii De Cristal prezintÄƒ o varietate de abilitÄƒÈ›i [b] de susÈ›inere È™i stabilizare [/b], Ã®n timp ce preia controlul cÃ¢mpului de luptÄƒ cu [b]golemuri puternice È™i vrÄƒji antice.[/b]


[h2]Jocul este plÄƒtit?[/h2]
Jocul nu este explicit plÄƒtit. PuteÈ›i debloca orice cÄƒrÈ›i din joc cu valutele Ã®n joc. Modelul nostru de afaceri este gratuit pentru a juca È™i plÄƒti pentru a avansa mai repede, NUMAI lucruri care pot fi cumpÄƒrate doar cu bani reali sunt skin-uri, care ajutÄƒ la susÈ›inerea jocului.

[h2]ExistÄƒ secrete cu chestii exclusive?[/h2]
Sigur, tocmai ai gÄƒsit unul dintre cele opt secrete pentru a rÄƒscumpÄƒra Ã®n magazinul din joc: [b]XR0F-7ST3-4MC0-MMUN-1TYX[/b] ğŸŠ
[img]{STEAM_APP_IMAGE}/extras/SteamPageSecret.png[/img]";"";"[img]{STEAM_APP_IMAGE}/extras/SteamPage.gif[/img]

ĞĞ°ÑĞ¾Ğ»Ğ¾Ğ´Ğ¶ÑƒĞ¹Ñ‚ĞµÑÑŒ ÑˆĞ²Ğ¸Ğ´ĞºĞ¾Ñ, Ğ»ĞµĞ³ĞºĞ¾Ñ Ğ´Ğ»Ñ Ğ·Ğ°ÑĞ²Ğ¾Ñ”Ğ½Ğ½Ñ ÑÑ‚Ñ€Ğ°Ñ‚ĞµĞ³Ñ–Ñ”Ñ Ğ² Ğ¶Ğ°Ğ½Ñ€Ñ– ""Ğ¿ĞµÑ€ĞµÑ‚ÑĞ³ÑƒĞ²Ğ°Ğ½Ğ½Ñ ĞºĞ°Ğ½Ğ°Ñ‚Ñƒ"". Ğ“Ñ–Ğ±Ñ€Ğ¸Ğ´ MOBA, Ğ±Ğ°ÑˆÑ‚Ğ¾Ğ²Ğ¸Ğ¹ Ğ·Ğ°Ñ…Ğ¸ÑÑ‚ Ñ– ĞºĞ¾Ğ»Ğ¾Ğ´Ğ¾Ğ±ÑƒĞ´Ñ–Ğ²Ğ½Ğ¸Ñ†Ñ‚Ğ²Ğ¾. Ğ“Ñ€Ğ°Ğ¹Ñ‚Ğµ Ğ¿Ğ¾Ğ¾Ğ´Ğ¸Ğ½Ñ†Ñ– Ñ‡Ğ¸ Ñ€Ğ°Ğ·Ğ¾Ğ¼ Ğ· Ğ´Ñ€ÑƒĞ³Ğ¾Ğ¼ Ğ°Ğ±Ğ¾ 2v2, Ğ·Ğ±Ğ¸Ñ€Ğ°Ğ¹Ñ‚Ğµ ĞºĞ°Ñ€Ñ‚Ğ¸, Ğ±ÑƒĞ´ÑƒĞ¹Ñ‚Ğµ ĞºĞ¾Ğ»Ğ¾Ğ´Ñƒ Ñ– Ñ€Ğ¾Ğ·Ñ‡Ğ°Ğ²Ğ»ÑĞ¹Ñ‚Ğµ Ğ²Ğ¾Ñ€Ğ¾Ğ³Ñ–Ğ²!

[h2]Key Features:[/h2]
[list]
[*]ĞŸĞ¾Ğ²Ğ½Ñ–ÑÑ‚Ñ Ğ±ĞµĞ·ĞºĞ¾ÑˆÑ‚Ğ¾Ğ²Ğ½Ğ°
[*]ĞšĞ¾Ñ€Ğ¾Ñ‚ĞºÑ–, Ñ–Ğ½Ñ‚ĞµĞ½ÑĞ¸Ğ²Ğ½Ñ– Ğ¼Ğ°Ñ‚Ñ‡Ñ– 1v1, 2v2 Ñ‚Ğ° ĞºĞ¾Ğ¾Ğ¿ĞµÑ€Ğ°Ñ‚Ğ¸Ğ²Ğ½Ñ– Ğ¼Ğ°Ñ‚Ñ‡Ñ–
[*]ĞšĞ°Ñ€Ñ‚Ğ¾Ğ±ÑƒĞ´Ñ–Ğ²Ğ½Ğ¸Ñ†Ñ‚Ğ²Ğ¾
[*]PvE-Ğ²Ğ¸ĞºĞ»Ğ¸ĞºĞ¸
[*]ĞŸ'ÑÑ‚ÑŒ Ñ–Ğ³Ñ€Ğ°Ğ±ĞµĞ»ÑŒĞ½Ğ¸Ñ… Ğ»ĞµĞ³Ñ–Ğ¾Ğ½Ñ–Ğ²
[*]Ğ”Ğ²Ğ¾ĞºĞ¾Ğ»Ñ–Ñ€Ğ½Ñ– ĞºĞ¾Ğ»Ğ¾Ğ´Ğ¸
[/list]

[img]{STEAM_APP_IMAGE}/extras/blue.png[/img]
[i]""Ğ’ÑÑ‚Ğ°Ğ½Ğ¾Ğ²Ñ–Ñ‚ÑŒ Ğ¿Ğ¾Ñ‚ÑƒĞ¶Ğ½Ñ– Ğ¼Ğ°ÑˆĞ¸Ğ½Ğ¸ Ñ‚Ğ° Ğ¿Ñ€Ğ¾Ñ€Ğ²Ñ–Ñ‚ÑŒ ÑƒÑÑ– Ğ¾Ğ³Ğ¾Ñ€Ğ¾Ğ´Ğ¶ĞµĞ½Ğ½Ñ. Ğ“ĞµĞ½ĞµÑ€ÑƒĞ¹Ñ‚Ğµ ĞµĞ½ĞµÑ€Ğ³Ñ–Ñ Ñ‚Ğ° Ğ¼Ğ°Ñ‚ĞµÑ€Ñ–Ğ°Ğ»Ñ–Ğ·ÑƒĞ¹Ñ‚ĞµÑÑŒ Ğ·Ğ° Ğ²Ğ¾Ñ€Ğ¾Ğ¶Ğ¸Ğ¼Ğ¸ Ñ€ÑƒĞ±ĞµĞ¶Ğ°Ğ¼Ğ¸!""[/i]

[img]{STEAM_APP_IMAGE}/extras/SteamPageCardsBlue.png[/img]
ĞÑĞ½Ğ¾Ğ²Ğ½Ğ° Ñ–Ğ³Ñ€Ğ¾Ğ²Ğ° Ğ¼ĞµÑ…Ğ°Ğ½Ñ–ĞºĞ° Ñ– ĞºĞ¾Ğ¼Ğ±Ñ–Ğ½Ğ°Ñ†Ñ–Ñ— Â«Ğ¡Ğ¸Ğ½ÑŒĞ¾Ğ³Ğ¾ Ğ»ĞµĞ³Ñ–Ğ¾Ğ½ÑƒÂ» Ğ²ĞºĞ»ÑÑ‡Ğ°ÑÑ‚ÑŒ Ñ€Ñ–Ğ·Ğ½Ñ– [b]ĞµĞ½ĞµÑ€Ğ³ĞµÑ‚Ğ¸Ñ‡Ğ½Ñ– ĞµÑ„ĞµĞºÑ‚Ğ¸ Ñ‚Ğ° Ğ±ÑƒĞ´Ñ–Ğ²Ğ»Ñ–[/b] ÑĞºÑ– Ğ¼Ğ¾Ğ¶Ğ½Ğ° Ğ²Ğ¸ĞºĞ¾Ñ€Ğ¸ÑÑ‚Ğ¾Ğ²ÑƒĞ²Ğ°Ñ‚Ğ¸ Ğ´Ğ»Ñ Ğ¿Ğ¾Ñ‚ÑƒĞ¶Ğ½Ğ¸Ñ… ĞºĞ¾Ğ¼Ğ±Ğ¾. Ğ—Ğ°Ñ…Ğ¸ÑÑ‚Ñ–Ñ‚ÑŒ ÑĞµĞ±Ğµ ÑĞ¸Ğ»ÑŒĞ½Ğ¾Ñ Ğ¾Ğ±Ğ¾Ñ€Ğ¾Ğ½Ğ½Ğ¾Ñ Ğ»Ñ–Ğ½Ñ–Ñ”Ñ, Ğ° Ğ¿Ğ¾Ñ‚Ñ–Ğ¼ Ñ‚ĞµĞ»ĞµĞ¿Ğ¾Ñ€Ñ‚ÑƒĞ¹Ñ‚Ğµ Ñ—Ñ— Ğ´Ğ¾ Ğ²Ğ¾Ñ€Ğ¾Ğ³Ğ°, Ñ‰Ğ¾Ğ± Ğ²Ğ¾Ğ½Ğ° ÑÑ‚Ğ°Ğ»Ğ° Ğ²Ğ°ÑˆĞ¾Ñ Ğ»Ñ–Ğ½Ñ–Ñ”Ñ Ğ½Ğ°Ğ¿Ğ°Ğ´Ñƒ. ĞšĞ¾Ğ¶Ğ½Ğµ Ğ·Ğ°ĞºĞ»Ğ¸Ğ½Ğ°Ğ½Ğ½Ñ, ÑĞºĞµ Ğ²Ğ¸ ĞºĞ¸Ğ´Ğ°Ñ”Ñ‚Ğµ, Ğ·Ğ¼Ñ–Ñ†Ğ½ÑÑ” Ğ²Ğ°ÑˆĞ¸Ñ… ÑĞ¾Ğ»Ğ´Ğ°Ñ‚, Ğ´Ğ¾Ğ·Ğ²Ğ¾Ğ»ÑÑÑ‡Ğ¸ Ñ—Ğ¼ Ğ²Ğ¸ĞºĞ¾Ñ€Ğ¸ÑÑ‚Ğ¾Ğ²ÑƒĞ²Ğ°Ñ‚Ğ¸ Ğ¿Ğ¾Ñ‚ÑƒĞ¶Ğ½Ñ– Ğ½Ğ°Ğ²Ğ¸Ñ‡ĞºĞ¸.


[img]{STEAM_APP_IMAGE}/extras/Green.png[/img]
[i]""Ğ’ĞµĞ´Ñ–Ñ‚ÑŒ Ğ°Ñ€Ğ¼Ñ–Ñ Ğ¶Ğ¸Ğ²Ğ¸Ñ… Ñ€Ğ¾ÑĞ»Ğ¸Ğ½ Ñ– Ğ´Ñ€ĞµĞ²Ğ½Ñ–Ñ… Ğ´ĞµÑ€ĞµĞ² Ğ´Ğ¾ Ğ±Ğ¾Ñ. Ğ£ĞºĞ¾Ñ€Ñ–Ğ½ÑĞ¹Ñ‚Ğµ ÑĞ²Ğ¾Ñ—Ñ… Ğ²Ğ¾Ñ€Ğ¾Ğ³Ñ–Ğ² Ñ– Ğ¿Ğ¾Ñ‚Ğ¾Ğ¿Ñ–Ñ‚ÑŒ Ñ—Ñ… Ñƒ Ğ¿Ğ¾Ñ‚Ğ¾Ğ¿Ñ– ÑĞ°Ğ´Ğ¶Ğ°Ğ½Ñ†Ñ–Ğ². Ğ•Ğ²Ğ¾Ğ»ÑÑ†Ñ–Ğ¾Ğ½ÑƒĞ¹Ñ‚Ğµ Ñ—Ñ…, Ñ‰Ğ¾Ğ± Ğ·Ñ€Ğ¾Ğ±Ğ¸Ñ‚Ğ¸ Ñ—Ñ… ÑĞ¸Ğ»ÑŒĞ½Ñ–ÑˆĞ¸Ğ¼Ğ¸"" [/i]

[img]{STEAM_APP_IMAGE}/extras/SteamPageCardsGreen.png[/img] 
ĞÑĞ½Ğ¾Ğ²Ğ½Ğ° Ñ–Ğ³Ñ€Ğ¾Ğ²Ğ° Ğ¼ĞµÑ…Ğ°Ğ½Ñ–ĞºĞ° Ñ– ĞºĞ¾Ğ¼Ğ±Ñ–Ğ½Ğ°Ñ†Ñ–Ñ— Â«Ğ—ĞµĞ»ĞµĞ½Ğ¾Ğ³Ğ¾ Ğ»ĞµĞ³Ñ–Ğ¾Ğ½ÑƒÂ» Ğ²ĞºĞ»ÑÑ‡Ğ°ÑÑ‚ÑŒ Ñ€ÑĞ´ [b]ĞµÑ„ĞµĞºÑ‚Ñ–Ğ² Ğ·Ñ†Ñ–Ğ»ĞµĞ½Ğ½Ñ Ğ½Ğ° Ğ¿Ñ€Ğ¾Ñ‚ÑĞ·Ñ– Ğ¿ĞµĞ²Ğ½Ğ¾Ğ³Ğ¾ Ñ‡Ğ°ÑÑƒ[/b], [b]Ğ²ĞºĞ¾Ñ€Ñ–Ğ½ĞµĞ½Ğ½Ñ Ğ²Ğ¾Ñ€Ğ¾Ğ³Ñ–Ğ² Ğ½Ğ° Ğ¼Ñ–ÑÑ†Ñ–[/b] Ñ‰Ğ¾ Ğ½Ğµ Ğ¼ĞµĞ½Ñˆ Ğ²Ğ°Ğ¶Ğ»Ğ¸Ğ²Ğ¾, [b]Ğ¾Ñ€Ğ´Ğ¸ Ğ¡Ğ°Ğ´Ğ¶Ğ°Ğ½Ñ†Ñ–Ğ²[/b] ÑĞºÑ– Ğ¼Ğ¾Ğ¶ÑƒÑ‚ÑŒ Ğ±ÑƒÑ‚Ğ¸ Ğ¿ĞµÑ€ĞµÑ‚Ğ²Ğ¾Ñ€ĞµĞ½Ñ–. Ğ½Ğ° Ğ¼Ğ¾Ğ³ÑƒÑ‚Ğ½Ñ–Ñ… Ñ–ÑÑ‚Ğ¾Ñ‚.  


[img]{STEAM_APP_IMAGE}/extras/Black.png[/img]
[i]""Ğ—Ğ°Ğ¼Ğ¾Ñ€Ğ¾Ğ·ÑŒ Ğ²Ğ¾Ñ€Ğ¾Ğ³Ñ–Ğ² Ñ‚Ğ° Ğ²Ğ¸ÑĞ¼Ğ¾ĞºÑ‡Ñ–Ñ‚ÑŒ Ñ—Ñ…Ğ½Ñ– Ğ¶Ğ¸Ñ‚Ñ‚Ñ”Ğ²Ñ– ÑĞ¸Ğ»Ğ¸. Ğ†ÑÑ‚Ğ¾Ñ‚Ğ¸ Ğ· Ğ¿Ğ¾Ñ€Ğ¾Ğ¶Ğ½ĞµÑ‡Ñ– Ğ·Ğ±Ğ¸Ñ€Ğ°ÑÑ‚ÑŒ Ğ´ÑƒÑˆÑ–, Ñ‰Ğ¾Ğ± Ğ²Ğ¸Ğ²Ñ–Ğ»ÑŒĞ½Ğ¸Ñ‚Ğ¸ Ğ·Ğ»Ñ– Ğ·Ğ´Ñ–Ğ±Ğ½Ğ¾ÑÑ‚Ñ– Ğ½Ğ° ÑĞ²Ğ¾Ñ—Ñ… Ğ²Ğ¾Ñ€Ğ¾Ğ³Ñ–Ğ².""[/i]

[img]{STEAM_APP_IMAGE}/extras/SteamPageCardsBlack.png[/img]
ĞÑĞ½Ğ¾Ğ²Ğ½Ğ° Ñ–Ğ³Ñ€Ğ¾Ğ²Ğ° Ğ¼ĞµÑ…Ğ°Ğ½Ñ–ĞºĞ° Ñ– ĞºĞ¾Ğ¼Ğ±Ñ–Ğ½Ğ°Ñ†Ñ–Ñ— Â«Ğ§Ğ¾Ñ€Ğ½Ğ¾Ğ³Ğ¾ Ğ»ĞµĞ³Ñ–Ğ¾Ğ½ÑƒÂ» Ğ²ĞºĞ»ÑÑ‡Ğ°ÑÑ‚ÑŒ Ğ² ÑĞµĞ±Ğµ Ğ±ĞµĞ·Ğ»Ñ–Ñ‡ [b]Ğ·Ğ°Ğ¼Ğ¾Ñ€Ğ¾Ğ¶ÑƒĞ²Ğ°Ğ»ÑŒĞ½Ñ– Ğ·Ğ°ĞºĞ»Ğ¸Ğ½Ğ°Ğ½Ğ½Ñ Ñ‚Ğ° Ğ·Ğ´Ñ–Ğ±Ğ½Ğ¾ÑÑ‚Ñ–[/b], Ğ° Ñ‚Ğ°ĞºĞ¾Ğ¶ Ğ²Ğ¸Ñ€Ğ¸Ğ²Ğ°Ñ” Ğ´ÑƒÑˆÑ– Ğ²Ğ¾Ñ€Ğ¾Ğ¶Ğ¸Ñ… ÑĞ½Ñ–Ñ‚Ñ–Ğ², Ñ‰Ğ¾Ğ±[b] Ğ°ĞºÑ‚Ğ¸Ğ²ÑƒĞ²Ğ°Ñ‚Ğ¸ Ğ¿Ğ¾Ñ‚ÑƒĞ¶Ğ½Ñ– Ğ¿Ğ°ÑĞ¸Ğ²Ğ½Ñ– Ğ·Ğ´Ñ–Ğ±Ğ½Ğ¾ÑÑ‚Ñ–[/b].


[img]{STEAM_APP_IMAGE}/extras/white.png[/img]
[i]""ĞšĞ¾Ğ¼Ğ°Ğ½Ğ´ÑƒĞ¹Ñ‚Ğµ ÑĞ²ÑÑ‰ĞµĞ½Ğ½Ğ¸Ğ¼Ğ¸ Ğ»ÑƒÑ‡Ğ½Ğ¸ĞºĞ°Ğ¼Ğ¸ Ñ– Ğ±Ğ»Ğ¸ÑĞºÑƒÑ‡Ğ¸Ğ¼Ğ¸ Ğ»Ğ¸Ñ†Ğ°Ñ€ÑĞ¼Ğ¸ Ğ² ÑÑƒĞ¿Ñ€Ğ¾Ğ²Ğ¾Ğ´Ñ– Ğ°Ğ½Ğ³ĞµĞ»ÑŒÑÑŒĞºĞ¸Ñ… ÑĞ¸Ğ». ĞŸÑ–Ğ´Ğ½Ñ–Ğ¼Ñ–Ñ‚ÑŒ ÑĞ²Ğ¾Ñ— Ñ‰Ğ¸Ñ‚Ğ¸ Ñ– ÑÑ‚Ñ–Ğ¹Ñ‚Ğµ Ğ¼Ñ–Ñ†Ğ½Ğ¾!""[/i]

[img]{STEAM_APP_IMAGE}/extras/SteamPageCardsWhite.png[/img]
ĞÑĞ½Ğ¾Ğ²Ğ½Ğ° Ñ–Ğ³Ñ€Ğ¾Ğ²Ğ° Ğ¼ĞµÑ…Ğ°Ğ½Ñ–ĞºĞ° Ñ– ĞºĞ¾Ğ¼Ğ±Ñ–Ğ½Ğ°Ñ†Ñ–Ñ— Â«Ğ‘Ñ–Ğ»Ğ¾Ğ³Ğ¾ Ğ»ĞµĞ³Ñ–Ğ¾Ğ½ÑƒÂ» Ğ²ĞºĞ»ÑÑ‡Ğ°ÑÑ‚ÑŒ Ğ² ÑĞµĞ±Ğµ Ğ±ĞµĞ·Ğ»Ñ–Ñ‡ [b]Ğ»Ñ–ĞºÑƒĞ²Ğ°Ğ»ÑŒĞ½Ğ¸Ñ… Ñ– Ğ·Ğ°Ñ…Ğ¸ÑĞ½Ğ¸Ñ… Ğ·Ğ°ĞºĞ»Ğ¸Ğ½Ğ°Ğ½ÑŒ[/b] ÑĞºÑ– Ğ¼Ğ¾Ğ¶ÑƒÑ‚ÑŒ Ğ±ÑƒÑ‚Ğ¸ Ğ½Ğ°Ñ†Ñ–Ğ»ĞµĞ½Ñ– Ğ½Ğ° ĞºÑ–Ğ»ÑŒĞºĞ° ÑĞ½Ñ–Ñ‚Ñ–Ğ² Ğ¾Ğ´Ğ½Ğ¾Ñ‡Ğ°ÑĞ½Ğ¾. Ğ’Ñ€Ğ°Ğ·ÑŒÑ‚Ğµ Ğ²Ğ¾Ñ€Ğ¾Ğ³Ğ° [b]Ğ¼Ğ°ÑĞ¾Ñ Ğ»ÑƒÑ‡Ğ½Ğ¸ĞºÑ–Ğ² Ñ– Ğ»Ğ¸Ñ†Ğ°Ñ€Ñ–Ğ² [/b] Ñ– Ğ·Ğ¼ÑƒÑÑŒÑ‚Ğµ Ñ—Ñ… Ğ²Ğ¸Ğ¶Ğ¸Ñ‚Ğ¸ Ğ´Ğ¾ Ğ¾ÑÑ‚Ğ°Ğ½Ğ½ÑŒĞ¾Ñ— Ñ…Ğ²Ğ¸Ğ»Ğ¸Ğ½Ğ¸, Ñ‰Ğ¾Ğ± Ğ¿ĞµÑ€ĞµĞ»Ğ°Ğ¼Ğ°Ñ‚Ğ¸ Ñ…Ñ–Ğ´ Ğ±Ğ¸Ñ‚Ğ²Ğ¸.


[img]{STEAM_APP_IMAGE}/extras/colorless.png[/img]
[i]""ĞŸÑ€Ğ¾Ğ±ÑƒĞ´Ğ¸ ÑÑ‚Ğ°Ñ€Ğ¾Ğ´Ğ°Ğ²Ğ½Ñ– Ğ»ĞµĞ³ĞµĞ½Ğ´Ğ¸ Ğ¿Ñ€Ğ¾ Ğ´Ğ°Ğ²Ğ½Ğ¾ Ğ·Ğ°Ğ±ÑƒÑ‚Ñ– Ğ°Ñ€Ñ‚ĞµÑ„Ğ°ĞºÑ‚Ğ¸ Ñ– Ğ½Ğ°Ğ±ÑƒĞ´ĞµÑˆ Ğ»ĞµĞ³ĞµĞ½Ğ´Ğ°Ñ€Ğ½Ñƒ ÑĞ¸Ğ»Ñƒ, Ñ‰Ğ¾Ğ± Ğ·Ğ½Ğ¸Ñ‰Ğ¸Ñ‚Ğ¸ ÑĞ²Ğ¾Ñ—Ñ… Ğ²Ğ¾Ñ€Ğ¾Ğ³Ñ–Ğ²!""[/i]

[img]{STEAM_APP_IMAGE}/extras/SteamPageCardsColorless.png[/img]
ĞÑĞ½Ğ¾Ğ²Ğ½Ğ° Ñ–Ğ³Ñ€Ğ¾Ğ²Ğ° Ğ¼ĞµÑ…Ğ°Ğ½Ñ–ĞºĞ° Ñ– ĞºĞ¾Ğ¼Ğ±Ñ–Ğ½Ğ°Ñ†Ñ–Ñ— Â«ĞšÑ€Ğ¸ÑˆÑ‚Ğ°Ğ»ĞµĞ²Ğ¾Ğ³Ğ¾ Ğ»ĞµĞ³Ñ–Ğ¾Ğ½ÑƒÂ» Ğ²Ñ–Ğ´Ñ€Ñ–Ğ·Ğ½ÑÑÑ‚ÑŒÑÑ Ñ€Ñ–Ğ·Ğ½Ğ¾Ğ¼Ğ°Ğ½Ñ–Ñ‚Ğ½Ñ–ÑÑ‚Ñ [b]Ğ¿Ñ–Ğ´Ñ‚Ñ€Ğ¸Ğ¼ÑƒÑÑ‡Ğ¸Ñ… Ñ– ÑÑ‚Ğ°Ğ±Ñ–Ğ»Ñ–Ğ·ÑƒÑÑ‡Ğ¸Ñ… Ğ·Ğ´Ñ–Ğ±Ğ½Ğ¾ÑÑ‚ĞµĞ¹[/b], Ğ² Ñ‚Ğ¾Ğ¹ Ñ‡Ğ°Ñ ÑĞº Ğ²Ğ¸ ĞºĞ¾Ğ½Ñ‚Ñ€Ğ¾Ğ»ÑÑ”Ñ‚Ğµ Ğ¿Ğ¾Ğ»Ğµ Ğ±Ğ¸Ñ‚Ğ²Ğ¸ Ğ·Ğ° Ğ´Ğ¾Ğ¿Ğ¾Ğ¼Ğ¾Ğ³Ğ¾Ñ [b]Ğ¼Ğ¾Ğ³ÑƒÑ‚Ğ½Ñ–Ñ… Ğ³Ğ¾Ğ»ĞµĞ¼Ñ–Ğ² Ñ– Ğ´Ñ€ĞµĞ²Ğ½Ñ–Ñ… Ğ·Ğ°ĞºĞ»Ğ¸Ğ½Ğ°Ğ½ÑŒ.[/b]


[h2]Ğ’ Ğ³Ñ€Ñ– Ñ‚Ñ€ĞµĞ±Ğ° Ğ´Ğ¾Ğ½Ğ°Ñ‚Ğ¸Ñ‚Ğ¸ Ñ‰Ğ¾Ğ± Ğ²Ğ¸Ğ³Ñ€Ğ°Ñ‚Ğ¸?[/h2]
Ğ“Ñ€Ğ°, Ğ·Ğ²Ñ–ÑĞ½Ğ¾, Ğ½Ğµ Ñ” Â«Pay-to-winÂ». Ğ’Ğ¸ Ğ¼Ğ¾Ğ¶ĞµÑ‚Ğµ Ñ€Ğ¾Ğ·Ğ±Ğ»Ğ¾ĞºÑƒĞ²Ğ°Ñ‚Ğ¸ Ğ±ÑƒĞ´ÑŒ-ÑĞºÑ– ĞºĞ°Ñ€Ñ‚Ğ¸ Ğ² Ğ³Ñ€Ñ–, Ğ²Ğ¸ĞºĞ¾Ñ€Ğ¸ÑÑ‚Ğ¾Ğ²ÑƒÑÑ‡Ğ¸ Ñ–Ğ³Ñ€Ğ¾Ğ²Ñƒ Ğ²Ğ°Ğ»ÑÑ‚Ñƒ. ĞĞ°ÑˆĞ° Ğ±Ñ–Ğ·Ğ½ĞµÑ-Ğ¼Ğ¾Ğ´ĞµĞ»ÑŒ Ğ±ĞµĞ·ĞºĞ¾ÑˆÑ‚Ğ¾Ğ²Ğ½Ğ°, Ñ– Ğ¿Ğ»Ğ°Ñ‚Ğ¸Ñ‚Ğ¸ Ğ¿Ğ¾Ñ‚Ñ€Ñ–Ğ±Ğ½Ğ¾ ÑĞºĞ¾Ñ€Ñ–ÑˆĞµ Ğ·Ğ° Ğ²ÑĞµ, Ğ¢Ğ†Ğ›Ğ¬ĞšĞ˜ Ğ·Ğ° Ñ€ĞµÑ‡Ñ–, ÑĞºÑ– Ğ¼Ğ¾Ğ¶Ğ½Ğ° Ğ¿Ñ€Ğ¸Ğ´Ğ±Ğ°Ñ‚Ğ¸ Ğ»Ğ¸ÑˆĞµ Ğ·Ğ° Ñ€ĞµĞ°Ğ»ÑŒĞ½Ñ– Ğ³Ñ€Ğ¾ÑˆÑ–, - Ñ†Ğµ ÑĞºÑ–Ğ½Ğ¸, ÑĞºÑ– Ğ´Ğ¾Ğ¿Ğ¾Ğ¼Ğ°Ğ³Ğ°ÑÑ‚ÑŒ Ğ¿Ñ–Ğ´Ñ‚Ñ€Ğ¸Ğ¼ÑƒÑÑ‚ÑŒ Ğ³Ñ€Ñƒ.

[h2]Ğ§Ğ¸ Ñ” ÑĞºÑ–ÑÑŒ ÑĞµĞºÑ€ĞµÑ‚Ğ½Ñ– ĞµĞºÑĞºĞ»ÑĞ·Ğ¸Ğ²Ğ½Ñ– Ñ€ĞµÑ‡Ñ–?[/h2]
Ğ—Ğ²Ğ¸Ñ‡Ğ°Ğ¹Ğ½Ğ¾, Ğ²Ğ¸ Ñ‚Ñ–Ğ»ÑŒĞºĞ¸ Ñ‰Ğ¾ Ğ·Ğ½Ğ°Ğ¹ÑˆĞ»Ğ¸ Ğ¾Ğ´Ğ¸Ğ½ Ğ· Ğ²Ğ¾ÑÑŒĞ¼Ğ¸ ÑĞµĞºÑ€ĞµÑ‚Ñ–Ğ², ÑĞºÑ– Ğ¼Ğ¾Ğ¶ĞµÑ‚Ğµ Ğ²Ğ¸ĞºĞ¾Ñ€Ğ¸ÑÑ‚Ğ°Ñ‚Ğ¸ Ğ² Ñ–Ğ³Ñ€Ğ¾Ğ²Ğ¾Ğ¼Ñƒ Ğ¼Ğ°Ğ³Ğ°Ğ·Ğ¸Ğ½Ñ–: [b]XR0F-7ST3-4MC0-MMUN-1TYX[/b] ğŸŠ
[img]{STEAM_APP_IMAGE}/extras/SteamPageSecret.png[/img]";"";"[img]{STEAM_APP_IMAGE}/extras/SteamPage.gif[/img]

äº«å—ä¸€åœºå¿«èŠ‚å¥ï¼Œå®¹æ˜“ä¸Šæ‰‹ï¼Œç±»ä¼¼æ‹”æ²³çš„ç­–ç•¥æ¸¸æˆã€‚ä¸€ç§æ‰åˆ MOBAï¼Œå¡”é˜²ä»¥åŠå¡ç‰Œå»ºç«‹çš„æ¸¸æˆã€‚æ‚¨å¯ä»¥ç”±å•äººï¼Œ æˆ–æ˜¯å’Œå¥½å‹ä¸€èµ·ç»„é˜ŸæŒ‘æˆ˜ï¼Œæ”¶é›†å¡ç‰‡ï¼Œæ„ç­‘ç‰Œç»„æ¥ç¢¾å‹ä½ çš„å¯¹æ‰‹ï¼

[h2]ä¸»è¦ç‰¹ç‚¹ï¼š[/h2]
[list]
[*]å®Œå…¨å¯ä»¥å…è´¹æ¸¸ç©
[*]æ¯åœºæ¸¸æˆéƒ½å¾ˆçŸ­ï¼Œæ¿€çƒˆçš„ 1 å¯¹1ï¼Œ2 å¯¹ 2 æˆ–æ˜¯ä¸¤äººå…±åŒæŒ‘æˆ˜
[*]ç‰Œç»„æ„å»º
[*]ç©å®¶å¯¹ç”µè„‘çš„æŒ‘æˆ˜
[*]äº”ç§å¯ä»¥æ¸¸ç©çš„å†›å›¢
[*]åŒè‰²ç‰Œç»„
[/list]

[img]{STEAM_APP_IMAGE}/extras/blue.png[/img]
[i]""æ„å»ºå‡ºå¼ºåŠ›çš„æˆ˜äº‰æœºæ¢°æ¥æ‰“ç ´ä»»ä½•é˜²å«ã€‚äº§ç”Ÿèƒ½é‡æ¥å®ç°å‡»ç©¿æ•Œæ–¹é˜²çº¿ï¼""[/i]

[img]{STEAM_APP_IMAGE}/extras/SteamPageCardsBlue.png[/img]
è“è‰²å†›å›¢çš„ä¸»è¦æ¸¸æˆæ¶æ„æ˜¯ç”±å„ç§ [b]èƒ½é‡ç‰¹æ•ˆä¸å„ç±»å»ºç­‘ç‰©[/b] å¯ä»¥å‘å‡ºè®¸å¤šå¼ºåŠ›çš„ç»„åˆã€‚ä½¿ç”¨é‡å‹é˜²å¾¡æ¥æ„æˆä½ çš„é˜²å¾¡çº¿ï¼Œä¹‹åå¯ä»¥å°†å®ƒä»¬ä¼ é€åˆ°æ•Œæ–¹ï¼Œè®©å®ƒä»¬è½¬è€Œæˆä¸ºä½ çš„æ”»å‡»å‰çº¿çš„ä¸€éƒ¨ä»½ã€‚æ›´å¯ä»¥ç”¨æ³•æœ¯è¿˜åŠ å¼ºé‡Œæ‰‹ä¸‹çš„å•ä½ï¼Œè®©å®ƒä»¬èƒ½å‘ç”Ÿæ›´ä¸ºå¼ºåŠ›çš„æ•ˆæœã€‚


[img]{STEAM_APP_IMAGE}/extras/Green.png[/img]
[i]""é¢†å¯¼ç”±ä¸€ç¾¤æ´»è·ƒçš„æ¤ç‰©ä»¥åŠè¿œå¤å·¨æ ‘çš„å†›é˜Ÿè¸ä¸Šæˆ˜åœºã€‚è®©ä½ çš„æ•Œäººä»¬é™·åœ¨è¢«æ‰æ ¹ç„¶åè¢«ä½ çš„ä¸€ç¾¤å¹¼è‹—æ·¹æ²¡ã€‚å¹¼è‹—ä»¬éƒ½èƒ½è¢«è¿›åŒ–ï¼Œè¿›è€Œå˜çš„æ›´å¼ºå¤§ã€‚"" [/i]

[img]{STEAM_APP_IMAGE}/extras/SteamPageCardsGreen.png[/img] 
ç»¿è‰²å†›å›¢çš„ä¸»è¦æ¸¸æˆæ¶æ„å’Œè”æ‹›æ˜¯ç”±ä¸€å¤§å † [b]éšç€æ—¶é—´æ„ˆåˆ[/b] ç±»æ•ˆæœï¼Œ [b]æ‰æ ¹[/b] è®©ä½ çš„æ•Œäººå¯¸æ­¥éš¾è¡Œä»¥åŠç¥­å‡º  [b]å¤§ç¾¤å¤§ç¾¤çš„å¹¼è‹—[/b] ç„¶åå†å°†å¹¼è‹—ä»¬è¿›åŒ–æˆä¸ºæ›´åŠ å¼ºåŠ›çš„ç”Ÿç‰©ã€‚  


[img]{STEAM_APP_IMAGE}/extras/Black.png[/img]
[i]""å†»ç»“ä½ çš„æ•Œäººå¸å–å®ƒä»¬çš„ç”Ÿå‘½ã€‚ç”±è™šç©ºè€Œæ¥çš„ç”Ÿç‰©æ”¶é›†é€è€…çš„çµé­‚æ¥å¯¹æ•Œäººæ–½å±•æ›´åŠ é‚ªæ¶çš„èƒ½åŠ›ã€‚""[/i]

[img]{STEAM_APP_IMAGE}/extras/SteamPageCardsBlack.png[/img]
é»‘è‰²å†›å›¢çš„ä¸»è¦æ¸¸æˆæ¶æ„ä¸è¿æ‹›æ˜¯ç”±å„ç±»çš„ [b]å†°å†»æ³•æœ¯ä¸ç›¸å…³èƒ½åŠ›[/b]ä¸ºä¸»ï¼ŒåŠ ä¸Šèƒ½å°†å¯¹æ‰‹å•ä½çµé­‚å‰¥å¤ºæ¥ [b]è§¦å‘æ›´å¼ºåŠ›çš„è¢«åŠ¨æŠ€èƒ½[/b]ã€‚


[img]{STEAM_APP_IMAGE}/extras/white.png[/img]
[i]""æŒ‡æŒ¥æœ‰ç€ç¥åœ£çš„å¼“æ‰‹ä¸ç©¿æˆ´é—ªäº®ç›”ç”²çš„æ­¦å£«ä¸€èµ·çš„ç¥åœ£æ­¦åŠ›ã€‚ä¸¾é«˜ä½ çš„ç›¾å¹¶åšå¼ºçš„ç«™ç€ï¼""[/i]

[img]{STEAM_APP_IMAGE}/extras/SteamPageCardsWhite.png[/img]
ç™½è‰²å†›å›¢çš„ä¸»è¦æ¸¸æˆæ¶æ„ä¸è¿æ‹›æ˜¯ç”±å„å¼å„æ ·å¯ä»¥ä¸€æ¬¡é’ˆå¯¹å¤šä¸ªç›®æ ‡çš„ [b]æ²»ç–—ä¸æŠ¤ç”²æ³•æœ¯ä»¬[/b] æ‰€ç»„æˆã€‚ä½¿ç”¨ [b]å¤§é‡çš„å¼“æ‰‹ä¸æ­¦å£«ä»¬[/b] æ¥æ·¹æ²¡ä½ çš„å¯¹æ‰‹ï¼Œå¹¶è®©ä½ çš„å•ä½ä»¬èƒ½å­˜æ´»åˆ°æœ€åä¸€ç§’ï¼Œæ¥è®©ä½ èƒ½å¤Ÿç­‰æ¥èƒœåˆ©çš„æµªæ½®ã€‚


[img]{STEAM_APP_IMAGE}/extras/colorless.png[/img]
[i]""å”¤é†’è¿œå¤æ—©è¢«å¿˜å´çš„ä¼ å¥‡ç‰©ä»¶ï¼Œå å–çç¨€çš„èƒ½åŠ›æ¥å½»åº•æ¯ç­ä½ çš„æ•Œäººä»¬ï¼""[/i]

[img]{STEAM_APP_IMAGE}/extras/SteamPageCardsColorless.png[/img]
æ°´æ™¶å†›å›¢çš„ä¸»è¦æ¸¸æˆæ¶æ„ä¸è¿æ‹›é‡Œæœ‰å„ç§ [b]æ”¯æ´ä¸ç¨³å®šçš„èƒ½åŠ›ä»¬[/b] ï¼Œè®©ä½ å¾—ä»¥ç”¨ [b]ä¼Ÿå¤§çš„å·¨çŸ³åƒä¸è¿œå¤æ³•æœ¯ä»¬[/b] æ¥æŒæ§æ•´ä¸ªæˆ˜åœºã€‚


[h2]è¿™æ˜¯å¾—ä»˜é’±æ‰èƒ½èµ¢çš„æ¸¸æˆå—ï¼Ÿ[/h2]
è¿™æ¸¸æˆå†³ä¸æ˜¯éå¾—ä»˜é’±æ‰èƒ½æ‰“èµ¢ã€‚ç©å®¶å¯ä»¥ç”¨æ¸¸æˆå†…çš„ä»£å¸è§£é”ä»»ä½•ä¸€å¼ å¡ç‰Œã€‚æˆ‘ä»¬çš„å•†ä¸šæ¨¡å¼æ˜¯å¤§å®¶éƒ½èƒ½å…è´¹æ¥é¡ºåˆ©çš„æ¸¸ç©ï¼Œä»˜é’±åªæ˜¯ä¼šè®©è¿›ç¨‹å¿«ä¸€ç‚¹ã€‚å”¯ä¸€ä¸€å®šè¦ä»˜é’±èƒ½æ‹¥æœ‰çš„æ˜¯ä¸€äº›å•ä½çš„çš®è‚¤(å¤–è²Œæ”¹å˜)ï¼Œè¿™æ˜¯è®©ç©å®¶æ¥æ”¯æ´æ­¤æ¸¸æˆç ”å‘ã€‚

[h2]æ¸¸æˆå†…æœ‰ä»»ä½•çš„ç§˜å¯†æˆ–æ˜¯ç‹¬æœ‰çš„ç‰©å“ï¼Ÿ[/h2]
å½“ç„¶æœ‰ã€‚ä½ åˆšåˆšå¥½æ‰¾åˆ°å…«ä¸ªç§˜å¯†åºå·ä¹‹ä¸€ï¼Œè¯·äºæ¸¸æˆå†…çš„å•†åº—å…‘æ¢ï¼š [b]XR0F-7ST3-4MC0-MMUN-1TYX[/b] ğŸŠ
[img]{STEAM_APP_IMAGE}/extras/SteamPageSecret.png[/img]";"[img]{STEAM_APP_IMAGE}/extras/SteamPage.gif[/img]

äº«å—ä¸€å ´å¿«ç¯€å¥ï¼Œå®¹æ˜“ä¸Šæ‰‹ï¼Œé¡ä¼¼æ‹”æ²³çš„ç­–ç•¥éŠæˆ²ã€‚ä¸€ç¨®æ‰åˆ MOBAï¼Œå¡”é˜²ä»¥åŠå¡ç‰Œå»ºç«‹çš„éŠæˆ²ã€‚æ‚¨å¯ä»¥ç”±å–®äººï¼Œ æˆ–æ˜¯å’Œå¥½å‹ä¸€èµ·çµ„éšŠæŒ‘æˆ°ï¼Œæ”¶é›†å¡ç‰‡ï¼Œæ§‹ç¯‰ç‰Œçµ„ä¾†ç¢¾å£“ä½ çš„å°æ‰‹ï¼
[h2]ä¸»è¦ç‰¹é»ï¼š[/h2]
[list]
[*]å®Œå…¨å¯ä»¥å…è²»éŠç©
[*]æ¯å ´éŠæˆ²éƒ½å¾ˆçŸ­ï¼Œæ¿€çƒˆçš„ 1 å°1ï¼Œ2 å° 2 æˆ–æ˜¯å…©äººå…±åŒæŒ‘æˆ°
[*]ç‰Œçµ„æ§‹å»º
[*]ç©å®¶å°é›»è…¦çš„æŒ‘æˆ°
[*]äº”ç¨®å¯ä»¥éŠç©çš„è»åœ˜
[*]é›™è‰²ç‰Œçµ„
[/list]

[img]{STEAM_APP_IMAGE}/extras/blue.png[/img]
[i]""æ§‹å»ºå‡ºå¼·åŠ›çš„æˆ°çˆ­æ©Ÿæ¢°ä¾†æ‰“ç ´ä»»ä½•é˜²è¡›ã€‚ç”¢ç”Ÿèƒ½é‡ä¾†å¯¦ç¾æ“Šç©¿æ•µæ–¹é˜²ç·šï¼""[/i]

[img]{STEAM_APP_IMAGE}/extras/SteamPageCardsBlue.png[/img]
è—è‰²è»åœ˜çš„ä¸»è¦éŠæˆ²æ¶æ§‹æ˜¯ç”±å„ç¨® [b]èƒ½é‡ç‰¹æ•ˆèˆ‡å„é¡å»ºç¯‰ç‰©[/b] å¯ä»¥ç™¼å‡ºè¨±å¤šå¼·åŠ›çš„çµ„åˆã€‚ä½¿ç”¨é‡å‹é˜²ç¦¦ä¾†æ§‹æˆä½ çš„é˜²ç¦¦ç·šï¼Œä¹‹å¾Œå¯ä»¥å°‡å®ƒå€‘å‚³é€åˆ°æ•µæ–¹ï¼Œè®“å®ƒå€‘è½‰è€Œæˆç‚ºä½ çš„æ”»æ“Šå‰ç·šçš„ä¸€éƒ¨ä»½ã€‚æ›´å¯ä»¥ç”¨æ³•è¡“é‚„åŠ å¼·è£¡æ‰‹ä¸‹çš„å–®ä½ï¼Œè®“å®ƒå€‘èƒ½ç™¼ç”Ÿæ›´ç‚ºå¼·åŠ›çš„æ•ˆæœã€‚


[img]{STEAM_APP_IMAGE}/extras/Green.png[/img]
[i]""é ˜å°ç”±ä¸€ç¾¤æ´»èºçš„æ¤ç‰©ä»¥åŠé å¤å·¨æ¨¹çš„è»éšŠè¸ä¸Šæˆ°å ´ã€‚è®“ä½ çš„æ•µäººå€‘é™·åœ¨è¢«æ‰æ ¹ç„¶å¾Œè¢«ä½ çš„ä¸€ç¾¤å¹¼è‹—æ·¹æ²’ã€‚å¹¼è‹—å€‘éƒ½èƒ½è¢«é€²åŒ–ï¼Œé€²è€Œè®Šçš„æ›´å¼·å¤§ã€‚"" [/i]

[img]{STEAM_APP_IMAGE}/extras/SteamPageCardsGreen.png[/img] 
ç¶ è‰²è»åœ˜çš„ä¸»è¦éŠæˆ²æ¶æ§‹å’Œè¯æ‹›æ˜¯ç”±ä¸€å¤§å † [b]éš¨è‘—æ™‚é–“ç™’åˆ[/b] é¡æ•ˆæœï¼Œ [b]æ‰æ ¹[/b] è®“ä½ çš„æ•µäººå¯¸æ­¥é›£è¡Œä»¥åŠç¥­å‡º  [b]å¤§ç¾¤å¤§ç¾¤çš„å¹¼è‹—[/b] ç„¶å¾Œå†å°‡å¹¼è‹—å€‘é€²åŒ–æˆç‚ºæ›´åŠ å¼·åŠ›çš„ç”Ÿç‰©ã€‚  


[img]{STEAM_APP_IMAGE}/extras/Black.png[/img]
[i]""å‡çµä½ çš„æ•µäººå¸å–å®ƒå€‘çš„ç”Ÿå‘½ã€‚ç”±è™›ç©ºè€Œä¾†çš„ç”Ÿç‰©æ”¶é›†é€è€…çš„éˆé­‚ä¾†å°æ•µäººæ–½å±•æ›´åŠ é‚ªæƒ¡çš„èƒ½åŠ›ã€‚""[/i]

[img]{STEAM_APP_IMAGE}/extras/SteamPageCardsBlack.png[/img]
é»‘è‰²è»åœ˜çš„ä¸»è¦éŠæˆ²æ¶æ§‹èˆ‡é€£æ‹›æ˜¯ç”±å„é¡çš„ [b]å†°å‡æ³•è¡“èˆ‡ç›¸é—œèƒ½åŠ›[/b]ç‚ºä¸»ï¼ŒåŠ ä¸Šèƒ½å°‡å°æ‰‹å–®ä½éˆé­‚å‰å¥ªä¾† [b]è§¸ç™¼æ›´å¼·åŠ›çš„è¢«å‹•æŠ€èƒ½[/b]ã€‚


[img]{STEAM_APP_IMAGE}/extras/white.png[/img]
[i]""æŒ‡æ®æœ‰è‘—ç¥è–çš„å¼“æ‰‹èˆ‡ç©¿æˆ´é–ƒäº®ç›”ç”²çš„æ­¦å£«ä¸€èµ·çš„ç¥è–æ­¦åŠ›ã€‚èˆ‰é«˜ä½ çš„ç›¾ä¸¦å …å¼·çš„ç«™è‘—ï¼""[/i]

[img]{STEAM_APP_IMAGE}/extras/SteamPageCardsWhite.png[/img]
ç™½è‰²è»åœ˜çš„ä¸»è¦éŠæˆ²æ¶æ§‹èˆ‡é€£æ‹›æ˜¯ç”±å„å¼å„æ¨£å¯ä»¥ä¸€æ¬¡é‡å°å¤šå€‹ç›®æ¨™çš„ [b]æ²»ç™‚èˆ‡è­·ç”²æ³•è¡“å€‘[/b] æ‰€çµ„æˆã€‚ä½¿ç”¨ [b]å¤§é‡çš„å¼“æ‰‹èˆ‡æ­¦å£«å€‘[/b] ä¾†æ·¹æ²’ä½ çš„å°æ‰‹ï¼Œä¸¦è®“ä½ çš„å–®ä½å€‘èƒ½å­˜æ´»åˆ°æœ€å¾Œä¸€ç§’ï¼Œä¾†è®“ä½ èƒ½å¤ ç­‰ä¾†å‹åˆ©çš„æµªæ½®ã€‚


[img]{STEAM_APP_IMAGE}/extras/colorless.png[/img]
[i]""å–šé†’é å¤æ—©è¢«å¿˜å»çš„å‚³å¥‡ç‰©ä»¶ï¼Œä½”å–çç¨€çš„èƒ½åŠ›ä¾†å¾¹åº•æ¯€æ»…ä½ çš„æ•µäººå€‘ï¼""[/i]

[img]{STEAM_APP_IMAGE}/extras/SteamPageCardsColorless.png[/img]
æ°´æ™¶è»åœ˜çš„ä¸»è¦éŠæˆ²æ¶æ§‹èˆ‡é€£æ‹›è£¡æœ‰å„ç¨® [b]æ”¯æ´èˆ‡ç©©å®šçš„èƒ½åŠ›å€‘[/b] ï¼Œè®“ä½ å¾—ä»¥ç”¨ [b]å‰å¤§çš„å·¨çŸ³åƒèˆ‡é å¤æ³•è¡“å€‘[/b] ä¾†æŒæ§æ•´å€‹æˆ°å ´ã€‚


[h2]é€™æ˜¯å¾—ä»˜éŒ¢æ‰èƒ½è´çš„éŠæˆ²å—ï¼Ÿ[/h2]
é€™éŠæˆ²æ±ºä¸æ˜¯éå¾—ä»˜éŒ¢æ‰èƒ½æ‰“è´ã€‚ç©å®¶å¯ä»¥ç”¨éŠæˆ²å…§çš„ä»£å¹£è§£é–ä»»ä½•ä¸€å¼µå¡ç‰Œã€‚æˆ‘å€‘çš„å•†æ¥­æ¨¡å¼æ˜¯å¤§å®¶éƒ½èƒ½å…è²»ä¾†é †åˆ©çš„éŠç©ï¼Œä»˜éŒ¢åªæ˜¯æœƒè®“é€²ç¨‹å¿«ä¸€é»ã€‚å”¯ä¸€ä¸€å®šè¦ä»˜éŒ¢èƒ½æ“æœ‰çš„æ˜¯ä¸€äº›å–®ä½çš„çš®è†š(å¤–è²Œæ”¹è®Š)ï¼Œé€™æ˜¯è®“ç©å®¶ä¾†æ”¯æ´æ­¤éŠæˆ²ç ”ç™¼ã€‚

[h2]éŠæˆ²å…§æœ‰ä»»ä½•çš„ç§˜å¯†æˆ–æ˜¯ç¨æœ‰çš„ç‰©å“ï¼Ÿ[/h2]
ç•¶ç„¶æœ‰ã€‚ä½ å‰›å‰›å¥½æ‰¾åˆ°å…«å€‹ç§˜å¯†åºè™Ÿä¹‹ä¸€ï¼Œè«‹æ–¼éŠæˆ²å…§çš„å•†åº—å…Œæ›ï¼š [b]XR0F-7ST3-4MC0-MMUN-1TYX[/b] ğŸŠ
[img]{STEAM_APP_IMAGE}/extras/SteamPageSecret.png[/img]";"";"[img]{STEAM_APP_IMAGE}/extras/SteamPage.gif[/img]

ì†ë„ê° ìˆê³  ëˆ„êµ¬ë‚˜ ì‰½ê²Œ í•  ìˆ˜ ìˆëŠ” ì „ìˆ  ê²Œì„ì„ ì¦ê¸°ì„¸ìš”. íƒ€ì›Œ ë””íœìŠ¤, ë± ë¹Œë”© ë° ë©€í‹°í”Œë ˆì´ì–´ ì˜¨ë¼ì¸ ì „íˆ¬ ì•„ë ˆë‚˜ë¥¼ í•œ ê²Œì„ì—ì„œ ì°¾ì•„ë³¼ ìˆ˜ ìˆìŠµë‹ˆë‹¤. í˜¼ìì„œë„ ê°€ëŠ¥í•˜ê³  ì¹œêµ¬ë¥¼ ë¶ˆëŸ¬, ì¹´ë“œë¥¼ ëª¨ìœ¼ê³  ë±ì„ ë§Œë“¤ì–´ì„œ ì ì„ ê²©íŒŒí•˜ì„¸ìš”!

[h2]ì£¼ìš” íŠ¹ì§•:[/h2]
[list]
[*]ë¬´ë£Œ í”Œë ˆì´!
[*]ì§§ê³  ê°•ë ¬í•œ 1ëŒ€1, 2ëŒ€2 ë° í˜‘ë™ì „
[*]ë± ê´€ë¦¬
[*]PvE ë„ì „
[*]í”Œë ˆì´ ê°€ëŠ¥í•œ ë‹¤ì„¯ ê°€ì§€ ìƒ‰ì˜ êµ°ë‹¨
[*]ë‘ ê°€ì§€ ìƒ‰ì˜ ì¡°í•© ë±
[/list]

[img]{STEAM_APP_IMAGE}/extras/blue.png[/img]
[i]""ê°•ë ¥í•œ ê¸°ê³„ë¥¼ ì¡°ë¦½í•´ã…… ì ì˜ ë°©ì–´ë¥¼ ëš«ìŠµë‹ˆë‹¤. ì „ì„  ë’¤ì—ì„œ ì—ë„ˆì§€ë¥¼ ì¬ìƒí•˜ê³  ìœ ë‹›ì„ ìƒì„±í•˜ì„¸ìš”!""[/i]

[img]{STEAM_APP_IMAGE}/extras/SteamPageCardsBlue.png[/img]
ì²­ìƒ‰ êµ°ë‹¨ì˜ íŠ¹ì§•ìœ¼ë¡œëŠ” ê°•ë ¥í•œ ì—°ê³„ê°€ ê°€ëŠ¥í•œ [b]ì—ë„ˆì§€ íš¨ê³¼ì™€ ì„¤ì¹˜í˜• ê±´ë¬¼[/b]ì´ ìˆìŠµë‹ˆë‹¤. íŠ¼íŠ¼í•œ ë°©ì–´ì„ ì„ ë§Œë“¤ê³  ì ì—ê²Œ í…”ë ˆí¬íŠ¸í•´ì„œ ì „ì„ ì„ ììœ ë¡­ê²Œ ë°”ê¾¸ì„¸ìš”. ì£¼ë¬¸ì€ ë³‘ë ¥ì„ ê°•í™”í•˜ê³  ì—„ì²­ë‚œ ëŠ¥ë ¥ì„ ë°œíœ˜í•  ìˆ˜ ìˆê²Œ í•´ì¤ë‹ˆë‹¤.


[img]{STEAM_APP_IMAGE}/extras/Green.png[/img]
[i]""ìƒëª…ë ¥ ë„˜ì¹˜ëŠ” ì‹ë¬¼ê³¼ ê³ ëª©ì„ ì´ëŒê³  ì „íˆ¬ì— ì°¸ì—¬í•©ë‹ˆë‹¤. ì ì„ ì†ë°•í•˜ê³  ìˆ˜ ë§ì€ ë¬˜ëª© ì •ë ¹ ë¬´ë¦¬ ì†ì— ë¹ íŠ¸ë¦¬ì„¸ìš”. ê·¸ë“¤ì„ ì§„í™”ì‹œí‚¤ê³  ë” ê°•ë ¥í•œ êµ°ëŒ€ë¥¼ ì–»ìœ¼ì„¸ìš”.""[/i]

[img]{STEAM_APP_IMAGE}/extras/SteamPageCardsGreen.png[/img] 
ë…¹ìƒ‰ êµ°ë‹¨ì—ëŠ” ì—¬ëŸ¬ ê°€ì§€ [b]ê³¼ë‹¤ ì¹˜ìœ [/b] íš¨ê³¼, ì ì˜ ì›€ì§ì„ì„ ë§‰ëŠ” [b]ì†ë°•[/b] ê¸°ìˆ  ê·¸ë¦¬ê³  ë§ˆì§€ë§‰ìœ¼ë¡œ ê°•ë ¥í•œ ìƒëª…ì²´ë¡œ ì§„í™”ì‹œí‚¬ ìˆ˜ ìˆëŠ” [b]ë¬˜ëª© ì •ë ¹ ë¬´ë¦¬[/b]ê°€ ìˆìŠµë‹ˆë‹¤.


[img]{STEAM_APP_IMAGE}/extras/Black.png[/img]
[i]""ì ì„ ì–¼ë¦¬ê³  ìƒëª…ì„ ë¹¼ì•—ìœ¼ì„¸ìš”. ê³µí—ˆì—ì„œ ì˜¨ ê´´ë¬¼ì€ ì˜í˜¼ì„ ëª¨ì•„ì„œ ì ì—ê²Œ ì‚¬ì•…í•œ ëŠ¥ë ¥ì„ ë°œíœ˜í•©ë‹ˆë‹¤.""[/i]

[img]{STEAM_APP_IMAGE}/extras/SteamPageCardsBlack.png[/img]
í‘ìƒ‰ êµ°ë‹¨ì€ [b]ë™ê²° ì£¼ë¬¸ê³¼ ëŠ¥ë ¥[/b]ì„ íŠ¹ì§•ìœ¼ë¡œ í•˜ë©°, ì  ìœ ë‹›ì˜ ì˜í˜¼ì„ ëœ¯ì–´ë‚´ì„œ [b]ê°•ë ¥í•œ íŒ¨ì‹œë¸Œ ìŠ¤í‚¬[/b]ì„ ë°œíœ˜í•©ë‹ˆë‹¤.


[img]{STEAM_APP_IMAGE}/extras/white.png[/img]
[i]""ì²œìƒì˜ í˜ì„ ë°›ì€ ì‹ ì„±í•œ ê¶ìˆ˜ì™€ ë¹›ë‚˜ëŠ” ê¸°ì‚¬ë¥¼ ì§€ìœ„í•©ë‹ˆë‹¤. ë°©íŒ¨ë¥¼ ì˜¬ë¦¬ê³  í˜ì°¨ê²Œ ì„œì„¸ìš”!""[/i]

[img]{STEAM_APP_IMAGE}/extras/SteamPageCardsWhite.png[/img]
ë°±ìƒ‰ êµ°ë‹¨ì€ í•œë²ˆì— ë§ì€ ìœ ë‹›ì—ê²Œ ë‹¤ì–‘í•œ [b]ì¹˜ë£Œ ë° ë³´í˜¸ ì£¼ë¬¸[/b]ì„ ì‚¬ìš©í•  ìˆ˜ ìˆìŠµë‹ˆë‹¤. [b]ê¶ìˆ˜ì™€ ê¸°ì‚¬ë¡œ ì´ë£¨ì–´ì§„ ëŒ€ê·œëª¨ êµ°ëŒ€[/b]ë¡œ ì ì„ ì••ë„í•˜ê³ , ì „ì„¸ë¥¼ ì—­ì „í•˜ê¸° ìœ„í•´ ë§ˆì§€ë§‰ ìˆœê°„ê¹Œì§€ êµ°ëŒ€ë¥¼ ìƒì¡´ì‹œí‚¤ì„¸ìš”.


[img]{STEAM_APP_IMAGE}/extras/colorless.png[/img]
[i]""ì˜¤ë«ë™ì•ˆ ìŠí˜”ë˜ ìœ ë¬¼ì˜ ê³ ëŒ€ ì „ì„¤ì„ ê¹¨ìš°ê³  ê·¸ í˜ì„ ë¹Œë ¤ì„œ ì ì„ ë§ì‚´í•˜ì„¸ìš”!""[/i]

[img]{STEAM_APP_IMAGE}/extras/SteamPageCardsColorless.png[/img]
ìˆ˜ì • êµ°ë‹¨ì€ ë‹¤ì–‘í•œ [b]ì§€ì› ë° ì•ˆì •í™” ëŠ¥ë ¥[/b]ì„ ê°–ì¶”ê³  ìˆìœ¼ë©°, [b]ê°•ë ¥í•œ ê³¨ë ˜ê³¼ ê³ ëŒ€ì˜ ì£¼ë¬¸[/b]ìœ¼ë¡œ ì „ì¥ì„ ì§€ë°°í•  ìˆ˜ ìˆìŠµë‹ˆë‹¤.


[h2]ëˆì„ ë‚´ì•¼ë§Œ ì´ê¸¸ ìˆ˜ ìˆë‚˜ìš”?[/h2]
ì´ ê²Œì„ì€ í™•ì‹¤í•˜ê²Œ ë¬´ë£Œë¡œ ì¦ê¸¸ ìˆ˜ ìˆìŠµë‹ˆë‹¤. ê²Œì„ ë‚´ì˜ ëª¨ë“  ì¹´ë“œëŠ” í˜„ê¸ˆì„ ì“°ì§€ ì•Šê³  ê²Œì„ ëˆë§Œìœ¼ë¡œ ì ê¸ˆ í•´ì œê°€ ê°€ëŠ¥í•©ë‹ˆë‹¤. ì €í¬ì˜ ë¹„ì¦ˆë‹ˆìŠ¤ ëª¨ë¸ì€ ë¶€ë¶„ ìœ ë£Œí™”ì´ë©° ì¶”ê°€ì ì¸ êµ¬ë§¤ëŠ” ì„±ì¥ì„ ì¡°ê¸ˆ ë” ë¹ ë¥´ê²Œ í•  ë¿ì…ë‹ˆë‹¤. ìœ ì¼í•˜ê²Œ í˜„ê¸ˆìœ¼ë¡œë§Œ ì‚´ ìˆ˜ ìˆëŠ” ìš”ì†ŒëŠ” ê²Œì„ ê°œë°œì„ ì§€ì›í•´ì£¼ëŠ” ìŠ¤í‚¨ë°–ì— ì—†ìŠµë‹ˆë‹¤.

[h2]ê²Œì„ì— íŠ¹ë³„í•œ ë¹„ë°€ì´ ìˆë‚˜ìš”?[/h2]
ê²Œì„ ë‚´ ìƒì ì—ì„œ ì‚¬ìš©í•  ìˆ˜ ìˆëŠ” 8ê°€ì§€ ë¹„ë°€ ì½”ë“œ ì¤‘ í•˜ë‚˜ë¥¼ ë°œê²¬í–ˆìŠµë‹ˆë‹¤! [b]XR0F-7ST3-4MC0-MMUN-1TYX[/b] ğŸŠ
[img]{STEAM_APP_IMAGE}/extras/SteamPageSecret.png[/img]";"";""
"steam_short_description";"Rise of Legions ist ein Hybrid aus MOBA, Turmverteidigung und Deckbuilding - schnelle Action, einfacher Einstieg, Tug-Of-War-Strategie! Spiele allein oder bring einen Freund mit fÃ¼r den Co-Op-Modus oder 2vs2, sammle mÃ¤chtige Karten, baue vielfÃ¤ltige Decks und bezwinge deine Kontrahenten!";"Rise of Legions is a hybrid of MOBA, tower defense and deckbuilding - with fast-paced, easy-to-pickup tug-of-war strategy. Play solo or bring a friend for co-op or 2v2, collect cards, build your deck and crush your enemies!";"Rise of Legions est un MOBA hybride entre tower defense et construction de Deck - Profitez d'un jeu de guerre et de stratÃ©gie avec un rythme rapide, facile Ã  prendre en main. Jouez en solo ou avec un ami ou en 2v2, collectez des cartes, construisez votre Deck et Ã©crasez vos ennemis !";"";"Rise of Legions - ÑÑ‚Ğ¾ Ğ³Ğ¸Ğ±Ñ€Ğ¸Ğ´ MOBA, Tower Defense Ğ¸ Deck-Building Ñ Ğ±Ñ‹ÑÑ‚Ñ€Ğ¾Ğ¹ Ğ¸ Ğ»ĞµĞ³ĞºĞ¾Ğ¹ Ğ² â€‹â€‹Ğ¾ÑĞ²Ğ¾ĞµĞ½Ğ¸Ğ¸ ÑÑ‚Ñ€Ğ°Ñ‚ĞµĞ³Ğ¸ĞµĞ¹ Ğ¿ĞµÑ€ĞµÑ‚ÑĞ³Ğ¸Ğ²Ğ°Ğ½Ğ¸Ñ ĞºĞ°Ğ½Ğ°Ñ‚Ğ°. Ğ˜Ğ³Ñ€Ğ°Ğ¹ Ğ¾Ğ´Ğ¸Ğ½ Ğ¸Ğ»Ğ¸ Ğ¿Ñ€Ğ¸Ğ³Ğ»Ğ°ÑĞ¸ ÑĞ²Ğ¾Ğ¸Ñ… Ğ´Ñ€ÑƒĞ·ĞµĞ¹ Ğ² ĞºĞ¾Ğ¾Ğ¿ĞµÑ€Ğ°Ñ‚Ğ¸Ğ², Ğ¸Ğ³Ñ€Ñ‹ 2 Ğ½Ğ° 2. Ğ¡Ğ¾Ğ±Ğ¸Ñ€Ğ°Ğ¹ ĞºĞ°Ñ€Ñ‚Ñ‹, ÑĞ¾Ğ·Ğ´Ğ°Ğ¹ ÑĞ²Ğ¾Ñ ĞºĞ¾Ğ»Ğ¾Ğ´Ñƒ Ğ¸ Ñ€Ğ°Ğ·Ğ´Ğ°Ğ²Ğ¸ ÑĞ²Ğ¾Ğ¸Ñ… Ğ²Ñ€Ğ°Ğ³Ğ¾Ğ²!";"Rise of Legions es un hÃ­brido de MOBA, defensa de torres y construcciÃ³n de mazos, con una estrategia de tira y afloja rÃ¡pida y fÃ¡cil de aprender. Â¡Juega solo o trae un amigo para cooperativo o 2v2, recoge cartas, construye tu mazo y aplasta a tus enemigos!";"Rise of Legions Ã¨ un ibrido fra MOBA, tower defense e gioco di carte - con strategie veloci, facili da apprendere e soddisfacenti da padroneggiare. Gioca da solo o con un amico per sfide 2 contro 2, colleziona carte, crea il tuo mazzo e travolgi i tuoi avversari!";"";"";"";"Rise of Legions jest hybrydÄ… MOBA, tower defense i budowania talii - dziÄ™ki szybkiej, Å‚atwej do nauczenia strategii przeciÄ…gania liny. Graj sam lub weÅº przyjaciela do kooperacji lub 2v2, zbieraj karty, buduj taliÄ™ i miaÅ¼dÅ¼ wrogÃ³w!";"";"Rise of Legions Ã© um hÃ­brido de MOBA, Defesa de Torres e ConstruÃ§Ã£o de Baralhos - com uma estratÃ©gia de ritmo rÃ¡pido, fÃ¡cil de assimilar, no estilo cabo de guerra. Jogue sozinho ou traga um amigo para jogos cooperativos, 2x2, colecionar cartas, construir seu baralho e esmagar seus inimigos!";"Rise of Legions MOBA'nÄ±n bir melezidir, kule savunmasÄ± ve deste inÅŸasÄ± - hÄ±zlÄ± tempolu, hemen anlaÅŸÄ±lÄ±r Ã§ekiÅŸmeli stratejiyle beraber. Tekli oyna ya da bir arkadaÅŸÄ±nÄ± co-op ya da 2v2 iÃ§in getir, kartlar topla, desteni kur ve dÃ¼ÅŸmanlarÄ±nÄ± ez!";"";"Rise of Legions je mix MOBA, tower defence a sklÃ¡dÃ¡nÃ­ balÃ­ÄkÅ¯ - s rychlou, snadno pochopitelnou tug-of-war strategiÃ­. Hrej sÃ¡m, nebo s pÅ™Ã­telem pro co-op nebo 2v2, sbÃ­rej karty, sklÃ¡dej balÃ­Äky a rozdrÅ¥ svÃ© nepÅ™Ã­tele!";"Î¤Î¿ Rise of Legions ÎµÎ¯Î½Î±Î¹ Î­Î½Î± Ï…Î²ÏÎ¯Î´Î¹Î¿ Ï„Ï‰Î½ MOBA, Ï…Ï€ÎµÏÎ¬ÏƒÏ€Î¹ÏƒÎ·Ï‚ Ï€ÏÏÎ³Ï‰Î½ ÎºÎ±Î¹ ÏƒÏ…Î»Î»Î¿Î³Î®Ï‚ ÎºÎ±ÏÏ„ÏÎ½ - Î¼Îµ Î³Î¿ÏÎ³Î­Ï‚, ÎµÏÎºÎ¿Î»ÎµÏ‚ ÏƒÏ„ÏÎ±Ï„Î·Î³Î¹ÎºÎ­Ï‚. Î Î±Î¯Î¾Îµ Î¼ÏŒÎ½Î¿Ï‚ Î® Ï€ÏÎ¿ÏƒÎºÎ¬Î»ÎµÏƒÎµ Ï†Î¯Î»Î¿Ï…Ï‚ Î³Î¹Î± ÏƒÏ…Î½ÎµÏÎ³Î±ÏƒÎ¯Î± Î® 2Îµ2, Î¼Î¬Î¶ÎµÏˆÎµ ÎºÎ¬ÏÏ„ÎµÏ‚, Î´Î·Î¼Î¹Î¿ÏÏÎ³Î·ÏƒÎµ Ï„Î·Î½ Ï„ÏÎ¬Ï€Î¿Ï…Î»Î¬ ÏƒÎ¿Ï… ÎºÎ±Î¹ ÏƒÏÎ½Ï„ÏÎ¹ÏˆÎµ Ï„Î¿Ï…Ï‚ ÎµÏ‡Î¸ÏÎ¿ÏÏ‚ ÏƒÎ¿Ï…!";"";"";"Rise of Legions este un hibrid de MOBA, de apÄƒrare a turnurilor È™i de construire a punÈ›ilor - cu o strategie de rÄƒzboi rapidÄƒ, uÈ™or de abordat. JoacÄƒ singur sau adu-ti un prieten pentru co-op sau 2v2, colecteazÄƒ cÄƒrÈ›i, construieÈ™te-È›i puntea È™i zdrobeÈ™te-È›i duÈ™manii!";"";"Rise of Legions - Ñ†Ğµ Ğ³Ñ–Ğ±Ñ€Ğ¸Ğ´ MOBA, Ğ±Ğ°ÑˆÑ‚Ğ¾Ğ²Ğ¸Ğ¹ Ğ·Ğ°Ñ…Ğ¸ÑÑ‚ Ñ– ĞºĞ¾Ğ»Ğ¾Ğ´Ğ¾Ğ±ÑƒĞ´Ñ–Ğ²Ğ½Ğ¸Ñ†Ñ‚Ğ²Ğ¾ - ÑĞºĞ° Ñ” ÑˆĞ²Ğ¸Ğ´ĞºĞ¾Ñ Ñ– Ğ»ĞµĞ³ĞºĞ¾Ñ Ğ´Ğ»Ñ Ğ·Ğ°ÑĞ²Ğ¾Ñ”Ğ½Ğ½Ñ ÑÑ‚Ñ€Ğ°Ñ‚ĞµĞ³Ñ–Ñ”Ñ Ğ² Ğ¶Ğ°Ğ½Ñ€Ñ– ""Ğ¿ĞµÑ€ĞµÑ‚ÑĞ³ÑƒĞ²Ğ°Ğ½Ğ½Ñ ĞºĞ°Ğ½Ğ°Ñ‚Ñƒ"". Ğ“Ñ€Ğ°Ğ¹Ñ‚Ğµ Ğ¿Ğ¾Ğ¾Ğ´Ğ¸Ğ½Ñ†Ñ– Ñ‡Ğ¸ Ñ€Ğ°Ğ·Ğ¾Ğ¼ Ğ· Ğ´Ñ€ÑƒĞ³Ğ¾Ğ¼ Ğ°Ğ±Ğ¾ 2v2, Ğ·Ğ±Ğ¸Ñ€Ğ°Ğ¹Ñ‚Ğµ ĞºĞ°Ñ€Ñ‚Ğ¸, Ğ±ÑƒĞ´ÑƒĞ¹Ñ‚Ğµ ĞºĞ¾Ğ»Ğ¾Ğ´Ñƒ Ñ– Ñ€Ğ¾Ğ·Ñ‡Ğ°Ğ²Ğ»ÑĞ¹Ñ‚Ğµ Ğ²Ğ¾Ñ€Ğ¾Ğ³Ñ–Ğ²!";"";"Rise of Legions æ˜¯ä¸€ç§æ··åˆ MOBAï¼Œå¡”é˜²ä»¥åŠç‰Œç»„æ„å»º - åˆèƒ½æä¾›èŠ‚å¥å¿«é€Ÿï¼Œå®¹æ˜“ä¸Šæ‰‹çš„æ‹”æ²³ç±»ç­–ç•¥æ¸¸æˆã€‚æ‚¨å¯ä»¥ç”±å•äººï¼Œ æˆ–æ˜¯å’Œå¥½å‹ä¸€èµ·ç»„é˜ŸæŒ‘æˆ˜ï¼Œæ”¶é›†å¡ç‰‡ï¼Œæ„ç­‘ç‰Œç»„æ¥ç¢¾å‹ä½ çš„å¯¹æ‰‹ï¼";"Rise of Legions æ˜¯ä¸€ç¨®æ··åˆ MOBAï¼Œå¡”é˜²ä»¥åŠç‰Œçµ„æ§‹å»º - åˆèƒ½æä¾›ç¯€å¥å¿«é€Ÿï¼Œå®¹æ˜“ä¸Šæ‰‹çš„æ‹”æ²³é¡ç­–ç•¥éŠæˆ²ã€‚æ‚¨å¯ä»¥ç”±å–®äººï¼Œ æˆ–æ˜¯å’Œå¥½å‹ä¸€èµ·çµ„éšŠæŒ‘æˆ°ï¼Œæ”¶é›†å¡ç‰‡ï¼Œæ§‹ç¯‰ç‰Œçµ„ä¾†ç¢¾å£“ä½ çš„å°æ‰‹ï¼";"";"Rise of Legionsì€ íƒ€ì›Œ ë””íœìŠ¤, ë± ë¹Œë”© ë° ë©€í‹°í”Œë ˆì´ì–´ ì˜¨ë¼ì¸ ì „íˆ¬ ì•„ë ˆë‚˜ë¥¼ ëª¨ë‘ ì°¾ì•„ë³¼ ìˆ˜ ìˆëŠ”, ì†ë„ê° ìˆê³  ëˆ„êµ¬ë‚˜ ì‰½ê²Œ í•  ìˆ˜ ìˆëŠ” ì „ìˆ  ê²Œì„ì…ë‹ˆë‹¤. í˜¼ìì„œë„ ê°€ëŠ¥í•˜ê³  ì¹œêµ¬ë¥¼ ë¶ˆëŸ¬, ì¹´ë“œë¥¼ ëª¨ìœ¼ê³  ë±ì„ ë§Œë“¤ì–´ì„œ ì ì„ ê²©íŒŒí•˜ì„¸ìš”!";"";""
"steam_awards";"Nominiert fÃ¼r den Deutschen Entwicklerpreis in der Kategorie ""Most Wanted""

[url]http://deutscherentwicklerpreis.de/rise-legions[/url]

In den Top 5 der kostenloses Releases im August 2019 auf Steam

[url]https://store.steampowered.com/sale/august_top_2019/[/url]";"Nominated for the category ""Most Wanted"" at the German Developer Award

[url]http://deutscherentwicklerpreis.de/rise-legions[/url]

In Top 5 of free releases in August 2019 on Steam

[url]https://store.steampowered.com/sale/august_top_2019/[/url]";"NominÃ© dans la catÃ©gorie ""Most Wanted"" au Prix Allemand du DÃ©veloppement

[url]http://deutscherentwicklerpreis.de/rise-legions[/url]

Dans le Top 5 des sorties gratuites en aoÃ»t 2019 sur Steam

[url]https://store.steampowered.com/sale/august_top_2019/[/url]";"";"ĞĞ¾Ğ¼Ğ¸Ğ½Ğ°Ñ†Ğ¸Ñ Ğ² ĞºĞ°Ñ‚ĞµĞ³Ğ¾Ñ€Ğ¸Ğ¸ Â«Ğ¡Ğ°Ğ¼Ğ¾Ğ¹ Ğ–ĞµĞ»Ğ°Ğ½Ğ½Ğ¾Ğ¹Â» Ğ½Ğ° ĞšĞ¾Ğ½ĞºÑƒÑ€ÑĞµ ĞĞµĞ¼ĞµÑ†ĞºĞ¸Ñ… Ğ Ğ°Ğ·Ñ€Ğ°Ğ±Ğ¾Ñ‚Ñ‡Ğ¸ĞºĞ¾Ğ²

[url]http://deutscherentwicklerpreis.de/rise-legions[/url]

Ğ’ Ğ¢Ğ¾Ğ¿ 5 Ğ±ĞµÑĞ¿Ğ»Ğ°Ñ‚Ğ½Ñ‹Ñ… Ñ€ĞµĞ»Ğ¸Ğ·Ğ¾Ğ² Ğ² ĞĞ²Ğ³ÑƒÑÑ‚Ğµ 2019 Ğ³Ğ¾Ğ´Ğ° Ğ² Steam

[url]https://store.steampowered.com/sale/august_top_2019/[/url]";"Nominado a la categorÃ­a ""MÃ¡s Cotizados"" en los premios German Developer Award

[url]http://deutscherentwicklerpreis.de/rise-legions[/url]

En el Mejores 5 de lanzamientos gratuitos en agosto de 2019 en Steam

[url] https://store.steampowered.com/sale/august_top_2019/[/url]";"Nominato per la categoria ""Most Wanted"" al German Developer Award

[url]http://deutscherentwicklerpreis.de/rise-legions[/url]

Nella Top 5 dei giochi gratuiti rilasciati nell'Agosto 2019 su Steam

[url]https://store.steampowered.com/sale/august_top_2019/[/url]";"";"";"";"Nominowany do kategorii â€Most Wantedâ€ w konkursie German Developer Award

[url]http://deutscherentwicklerpreis.de/rise-legions[/url]

W pierwszej piÄ…tce darmowych wydaÅ„ w sierpniu 2019 na Steam

[url]https://store.steampowered.com/sale/august_top_2019/[/url]";"";"Indicado para a categoria ""Mais Procurados"" no PrÃªmio Desenvolvedor AlemÃ£o

[url]http://deutscherentwicklerpreis.de/rise-legiÃµes[/url]

No Top 5 dos lanÃ§amentos gratuitos em agosto de 2019 no Steam

[url]https://store.steampowered.com/sale/august_top_2019/[/url]";"Alman GeliÅŸtirici Ã–dÃ¼lÃ¼'nde ""En Ã‡ok Ä°stenen"" kategorisine aday gÃ¶sterildi

[url]http://deutscherentwicklerpreis.de/rise-legions[/url]

Steam'de AÄŸustos 2019'un En Ä°yi 5 yapÄ±mÄ± arasÄ±nda

[url]https://store.steampowered.com/sale/august_top_2019/[/url]";"";"NominovanÃ© v kategorii ""NejÅ¾Ã¡danÄ›jÅ¡Ã­"" v German Developer Award

[url]http://deutscherentwicklerpreis.de/rise-legions[/url]

V Top 5 vydanÃ½ch F2P v Srpnu 2019 na Steamu

[url]https://store.steampowered.com/sale/august_top_2019/[/url]";"Î¥Ï€Î¿ÏˆÎ®Ï†Î¹Î¿ Î³Î¹Î± Ï„Î· ÎºÎ±Ï„Î·Î³Î¿ÏÎ¯Î± Â«Most WantedÂ» ÏƒÏ„Î± Î’ÏÎ±Î²ÎµÎ¯Î± Î“ÎµÏÎ¼Î±Î½ÏÎ½ Î ÏÎ¿Î³ÏÎ±Î¼Î¼Î±Ï„Î¹ÏƒÏ„ÏÎ½

[url]http://deutscherentwicklerpreis.de/rise-legions[/url]

Î£Ï„Î¹Ï‚ ÎºÎ¿ÏÏ…Ï†Î±Î¯ÎµÏ‚ 5 Î´Ï‰ÏÎµá¼€Î½ ÎºÏ…ÎºÎ»Î¿Ï†Î¿ÏÎ¯ÎµÏ‚ Ï„Î¿Î½ Î‘ÏÎ³Î¿Ï…ÏƒÏ„Î¿ Ï„Î¿Ï… 2019 ÏƒÏ„Î¿ Steam

[url]https://store.steampowered.com/sale/august_top_2019/[/url]";"";"";"Nominalizat pentru categoria â€Cel mai doritâ€ la Premiul German pentru Dezvoltatori

[url]http://deutscherentwicklerpreis.de/rise-legions[/url]

Ãn Top 5 al lansÄƒrilor gratuite din august 2019 pe Steam

[url]https://store.steampowered.com/sale/august_top_2019/[/url]";"";"ĞĞ¾Ğ¼Ñ–Ğ½Ğ¾Ğ²Ğ°Ğ½Ğ¸Ğ¹ Ñƒ ĞºĞ°Ñ‚ĞµĞ³Ğ¾Ñ€Ñ–Ñ— ""ĞĞ°Ğ¹Ğ¿Ğ¾Ñ‚Ñ€Ñ–Ğ±Ğ½Ñ–ÑˆÑ–"" Ğ½Ğ° Ğ½Ñ–Ğ¼ĞµÑ†ÑŒĞºÑ–Ğ¹ Ğ¿Ñ€ĞµĞ¼Ñ–Ñ— Ñ€Ğ¾Ğ·Ñ€Ğ¾Ğ±Ğ½Ğ¸ĞºÑ–Ğ²

[url]http://deutscherentwicklerpreis.de/rise-legions[/url]

Ğ£ Ñ‚Ğ¾Ğ¿-5 Ğ±ĞµĞ·ĞºĞ¾ÑˆÑ‚Ğ¾Ğ²Ğ½Ğ¸Ñ… Ñ€ĞµĞ»Ñ–Ğ·Ñ–Ğ² Ñƒ ÑĞµÑ€Ğ¿Ğ½Ñ– 2019 Ñ€Ğ¾ĞºÑƒ Ğ½Ğ° Steam

[url]https://store.steampowered.com/sale/august_top_2019/[/url]";"";"åœ¨å¾·å›½ç ”å‘è€…å¤§å¥–çš„â€œæœ€æƒ³æ‹¥æœ‰â€åˆ†ç±»ä¸­å¾—åˆ°æå

[url]http://deutscherentwicklerpreis.de/rise-legions[/url]

æ˜¯ Sream å¹³å°ä¸Š 2019 å…«æœˆå…è´¹æ¸¸æˆä¸­çš„å‰äº”å

[url]https://store.steampowered.com/sale/august_top_2019/[/url]";"åœ¨å¾·åœ‹ç ”ç™¼è€…å¤§ççš„ã€Œæœ€æƒ³æ“æœ‰ã€åˆ†é¡ä¸­å¾—åˆ°æå

[url]http://deutscherentwicklerpreis.de/rise-legions[/url]

æ˜¯ Sream å¹³å°ä¸Š 2019 å…«æœˆå…è²»éŠæˆ²ä¸­çš„å‰äº”å

[url]https://store.steampowered.com/sale/august_top_2019/[/url]";"";"ë…ì¼ ê°œë°œì ì–´ì›Œë“œ 'ëª¨ìŠ¤íŠ¸ ì›í‹°ë“œ' ë¶€ë¶„ ìˆ˜ìƒ

[url]http://deutscherentwicklerpreis.de/rise-legions[/url]

ìŠ¤íŒ€ 2019ë…„ 8ì›” ë¬´ë£Œ ê²Œì„ TOP 5 ì…ì„±

[url]https://store.steampowered.com/sale/august_top_2019/[/url]";"";""
